date,股票代码,open,close,high,low,volume,amount,amplitude_pct,chg_pct,chg_amt,turnover_pct
2020-01-02,002837,3.48,3.53,3.55,3.46,23162,40303849.0,2.59,1.73,0.06,1.52
2020-01-03,002837,3.53,3.6,3.61,3.52,23850,41943687.0,2.55,1.98,0.07,1.57
2020-01-06,002837,3.57,3.65,3.71,3.53,37748,67535847.0,5.0,1.39,0.05,2.48
2020-01-07,002837,3.64,3.67,3.7,3.62,23854,42803841.0,2.19,0.55,0.02,1.57
2020-01-08,002837,3.64,3.73,3.81,3.64,44399,81637819.0,4.63,1.63,0.06,2.92
2020-01-09,002837,3.77,3.93,4.12,3.71,73349,139079219.0,10.99,5.36,0.2,4.82
2020-01-10,002837,3.95,3.9,3.98,3.78,56169,106348308.0,5.09,-0.76,-0.03,3.69
2020-01-13,002837,3.95,4.34,4.34,3.92,134803,271612768.0,10.77,11.28,0.44,8.85
2020-01-14,002837,4.79,4.83,4.83,4.62,86288,196294124.0,4.84,11.29,0.49,5.67
2020-01-15,002837,5.13,5.37,5.37,4.99,234197,575042176.0,7.87,11.18,0.54,15.38
2020-01-16,002837,5.55,5.96,5.96,5.55,133054,361894640.0,7.64,10.99,0.59,8.74
2020-01-17,002837,6.23,6.61,6.61,5.93,288679,843156528.0,11.41,10.91,0.65,18.96
2020-01-20,002837,6.56,6.99,7.3,6.21,295167,929043328.0,16.49,5.75,0.38,19.39
2020-01-21,002837,6.98,6.67,7.6,6.6,294170,955157440.0,14.31,-4.58,-0.32,19.32
2020-01-22,002837,5.95,5.96,6.45,5.95,267153,759486048.0,7.5,-10.64,-0.71,17.55
2020-01-23,002837,6.33,6.2,6.56,6.02,226917,667003104.0,9.06,4.03,0.24,14.9
2020-02-03,002837,5.53,5.53,5.53,5.53,5443,14146357.0,0.0,-10.81,-0.67,0.36
2020-02-04,002837,4.98,5.67,5.82,4.98,222263,574450736.0,15.19,2.53,0.14,14.6
2020-02-05,002837,5.57,5.66,6.01,5.49,222642,597389392.0,9.17,-0.18,-0.01,14.62
2020-02-06,002837,5.37,6.09,6.27,5.37,269620,739717808.0,15.9,7.6,0.43,17.71
2020-02-07,002837,6.0,6.36,6.55,5.99,211873,620800240.0,9.2,4.43,0.27,13.92
2020-02-10,002837,6.66,6.04,6.66,5.86,168848,483987248.0,12.58,-5.03,-0.32,11.09
2020-02-11,002837,5.93,5.77,6.19,5.72,129239,358901184.0,7.78,-4.47,-0.27,8.49
2020-02-12,002837,5.83,6.1,6.15,5.68,119268,332691904.0,8.15,5.72,0.33,7.83
2020-02-13,002837,6.04,5.81,6.3,5.8,107628,300353664.0,8.2,-4.75,-0.29,7.07
2020-02-14,002837,5.88,5.74,5.99,5.63,87969,238528908.0,6.2,-1.2,-0.07,5.78
2020-02-17,002837,5.88,6.37,6.37,5.88,112753,326790000.0,8.54,10.98,0.63,7.41
2020-02-18,002837,7.06,7.06,7.06,6.93,74680,242924538.0,2.04,10.83,0.69,4.91
2020-02-19,002837,7.4,7.82,7.82,7.06,169755,585244624.0,10.76,10.76,0.76,11.15
2020-02-20,002837,8.1,8.65,8.65,8.08,108599,420080640.0,7.29,10.61,0.83,7.13
2020-02-21,002837,9.05,8.79,9.47,7.86,203869,802468224.0,18.61,1.62,0.14,13.39
2020-02-24,002837,8.45,9.72,9.72,8.34,138800,576834992.0,15.7,10.58,0.93,9.12
2020-02-25,002837,9.5,10.75,10.75,9.19,158580,727166144.0,16.05,10.6,1.03,10.42
2020-02-26,002837,10.43,10.68,11.72,10.29,158602,783114704.0,13.3,-0.65,-0.07,10.42
2020-02-27,002837,10.55,10.69,11.32,10.11,120915,582728064.0,11.33,0.09,0.01,7.94
2020-02-28,002837,9.8,9.57,10.2,9.57,111827,489133776.0,5.89,-10.48,-1.12,7.34
2020-03-02,002837,9.62,9.96,10.37,9.15,95076,424500832.0,12.75,4.08,0.39,6.24
2020-03-03,002837,10.55,11.01,11.01,10.27,106850,521820816.0,7.43,10.54,1.05,7.02
2020-03-04,002837,10.9,10.51,11.66,10.37,120232,597203456.0,11.72,-4.54,-0.5,7.9
2020-03-05,002837,11.07,10.67,11.57,10.39,107142,529742816.0,11.23,1.52,0.16,7.04
2020-03-06,002837,10.15,10.73,10.9,9.99,75824,362637472.0,8.53,0.56,0.06,4.98
2020-03-09,002837,10.67,10.75,11.72,10.25,109008,541699424.0,13.7,0.19,0.02,7.16
2020-03-10,002837,10.64,11.53,11.6,9.73,107121,522134688.0,17.4,7.26,0.78,7.04
2020-03-11,002837,11.54,10.92,12.06,10.79,102973,527292656.0,11.01,-5.29,-0.61,6.76
2020-03-12,002837,10.32,10.13,10.85,9.87,64986,301811024.0,8.97,-7.23,-0.79,4.27
2020-03-13,002837,9.27,10.45,10.55,9.17,71081,323230416.0,13.62,3.16,0.32,4.67
2020-03-16,002837,10.76,9.96,10.78,9.76,48992,229464725.0,9.76,-4.69,-0.49,3.22
2020-03-17,002837,10.08,10.02,10.32,9.15,45559,201435622.0,11.75,0.6,0.06,2.99
2020-03-18,002837,10.14,9.52,10.64,9.5,63256,288148224.0,11.38,-4.99,-0.5,4.15
2020-03-19,002837,9.53,9.57,9.72,9.17,64047,274365504.0,5.78,0.53,0.05,4.21
2020-03-20,002837,9.85,9.31,9.85,9.15,44952,191391599.0,7.31,-2.72,-0.26,2.95
2020-03-23,002837,9.07,8.66,9.42,8.54,47151,192395814.0,9.45,-6.98,-0.65,3.1
2020-03-24,002837,9.02,8.73,9.18,8.37,46609,186204514.0,9.35,0.81,0.07,3.06
2020-03-25,002837,9.03,9.65,9.65,8.97,55872,240663122.0,7.79,10.54,0.92,3.67
2020-03-26,002837,9.77,9.22,9.93,9.06,67755,290060832.0,9.02,-4.46,-0.43,4.45
2020-03-27,002837,9.36,8.8,9.49,8.8,37278,152093122.0,7.48,-4.56,-0.42,2.45
2020-03-30,002837,8.57,7.87,8.7,7.86,85870,311815248.0,9.55,-10.57,-0.93,5.64
2020-03-31,002837,8.03,8.4,8.68,8.0,65979,253296916.0,8.64,6.73,0.53,4.33
2020-04-01,002837,8.52,8.2,8.64,8.18,47656,181811894.0,5.48,-2.38,-0.2,3.13
2020-04-02,002837,8.38,8.77,8.92,8.14,62064,240747051.0,9.51,6.95,0.57,4.08
2020-04-03,002837,8.87,8.41,8.88,8.34,44929,175092414.0,6.16,-4.1,-0.36,2.95
2020-04-07,002837,8.66,8.75,8.88,8.6,41572,165537171.0,3.33,4.04,0.34,2.73
2020-04-08,002837,8.62,8.68,8.98,8.59,33660,133819052.0,4.46,-0.8,-0.07,2.21
2020-04-09,002837,8.81,8.88,8.91,8.62,32162,128721262.0,3.34,2.3,0.2,2.11
2020-04-10,002837,8.77,8.43,8.88,8.21,35182,135967314.0,7.55,-5.07,-0.45,2.31
2020-04-13,002837,8.37,8.21,8.43,8.02,23310,87501733.0,4.86,-2.61,-0.22,1.53
2020-04-14,002837,8.33,8.57,8.61,8.24,26418,101954236.0,4.51,4.38,0.36,1.74
2020-04-15,002837,8.79,8.48,9.06,8.45,47385,187526537.0,7.12,-1.05,-0.09,3.11
2020-04-16,002837,8.27,8.39,8.54,8.21,30493,116212768.0,3.89,-1.06,-0.09,2.0
2020-04-17,002837,8.45,9.28,9.28,8.35,79768,325704832.0,11.08,10.61,0.89,5.24
2020-04-20,002837,9.58,10.21,10.26,9.06,97938,424737088.0,12.93,10.02,0.93,6.43
2020-04-21,002837,9.85,9.59,10.32,9.52,84765,376050240.0,7.84,-6.07,-0.62,5.57
2020-04-22,002837,9.37,9.5,9.59,9.2,43657,185377345.0,4.07,-0.94,-0.09,2.87
2020-04-23,002837,9.52,9.15,9.52,9.14,37503,157376527.0,4.0,-3.68,-0.35,2.46
2020-04-24,002837,9.05,8.99,9.34,8.95,24599,101665996.0,4.26,-1.75,-0.16,1.62
2020-04-27,002837,9.0,9.24,9.33,8.8,26179,107636748.0,5.9,2.78,0.25,1.72
2020-04-28,002837,9.44,9.38,9.62,9.08,48962,209730054.0,5.84,1.52,0.14,3.22
2020-04-29,002837,9.25,8.98,9.38,8.95,30705,126997060.0,4.58,-4.26,-0.4,2.02
2020-04-30,002837,9.0,9.43,9.62,9.0,48729,208185699.0,6.9,5.01,0.45,3.2
2020-05-06,002837,9.48,9.71,9.83,9.32,36888,161557324.0,5.41,2.97,0.28,2.42
2020-05-07,002837,9.79,9.46,10.26,9.45,49993,221604753.0,8.34,-2.57,-0.25,3.28
2020-05-08,002837,9.6,10.2,10.43,9.42,63727,288512416.0,10.68,7.82,0.74,4.19
2020-05-11,002837,10.15,9.79,10.39,9.74,51324,231256824.0,6.37,-4.02,-0.41,3.37
2020-05-12,002837,9.76,9.97,9.97,9.51,27942,123242968.0,4.7,1.84,0.18,1.84
2020-05-13,002837,9.77,9.75,9.87,9.62,25632,112762421.0,2.51,-2.21,-0.22,1.68
2020-05-14,002837,9.72,9.73,9.84,9.62,19719,86701460.0,2.26,-0.21,-0.02,1.3
2020-05-15,002837,9.73,9.58,9.8,9.5,22874,99608356.0,3.08,-1.54,-0.15,1.5
2020-05-18,002837,9.5,8.77,9.54,8.66,57785,235148155.0,9.19,-8.46,-0.81,3.75
2020-05-19,002837,8.77,8.81,9.0,8.67,30343,121713318.0,3.76,0.46,0.04,1.97
2020-05-20,002837,8.8,8.61,8.92,8.49,22966,90907835.0,4.88,-2.27,-0.2,1.49
2020-05-21,002837,8.68,8.37,8.68,8.35,23445,90532903.0,3.83,-2.79,-0.24,1.52
2020-05-22,002837,8.35,8.3,8.56,8.09,22489,85108522.0,5.62,-0.84,-0.07,1.46
2020-05-25,002837,8.19,8.17,8.22,8.03,13268,49263870.0,2.29,-1.57,-0.13,0.86
2020-05-26,002837,8.31,8.66,8.66,8.24,26983,104881713.0,5.14,6.0,0.49,1.75
2020-05-27,002837,8.56,8.61,8.66,8.43,15605,60670803.0,2.66,-0.58,-0.05,1.01
2020-05-28,002837,8.61,8.42,8.65,8.24,17158,65893558.0,4.76,-2.21,-0.19,1.11
2020-05-29,002837,8.3,8.48,8.58,8.3,27612,70648918.0,3.33,0.71,0.06,1.2
2020-06-01,002837,8.48,9.0,9.0,8.48,47085,125211235.0,6.13,6.13,0.52,2.04
2020-06-02,002837,8.97,9.35,9.79,8.85,52395,146767869.0,10.44,3.89,0.35,2.27
2020-06-03,002837,9.36,9.29,9.49,9.19,38315,107333482.0,3.21,-0.64,-0.06,1.66
2020-06-04,002837,9.27,8.81,9.36,8.78,43556,116984419.0,6.24,-5.17,-0.48,1.89
2020-06-05,002837,8.72,8.78,8.92,8.52,26692,70689017.0,4.54,-0.34,-0.03,1.16
2020-06-08,002837,8.8,9.15,9.51,8.8,46145,128272896.0,8.09,4.21,0.37,1.95
2020-06-09,002837,9.15,9.06,9.25,8.95,32299,88009838.0,3.28,-0.98,-0.09,1.37
2020-06-10,002837,9.06,8.93,9.12,8.8,23273,62331739.0,3.53,-1.43,-0.13,0.99
2020-06-11,002837,8.87,8.93,9.04,8.84,22191,59707682.0,2.24,0.0,0.0,0.94
2020-06-12,002837,8.63,8.93,9.02,8.44,20809,55338339.0,6.49,0.0,0.0,0.88
2020-06-15,002837,8.95,8.85,9.2,8.83,31715,85681743.0,4.14,-0.9,-0.08,1.34
2020-06-16,002837,8.97,9.2,9.43,8.91,59403,164252921.0,5.88,3.95,0.35,2.52
2020-06-17,002837,9.32,9.3,9.33,9.08,34563,95585829.0,2.72,1.09,0.1,1.46
2020-06-18,002837,9.29,9.92,10.13,9.18,95958,279113472.0,10.22,6.67,0.62,4.06
2020-06-19,002837,9.87,10.02,10.33,9.82,82353,248364817.0,5.14,1.01,0.1,3.49
2020-06-22,002837,10.08,9.92,10.12,9.81,49934,148235488.0,3.09,-1.0,-0.1,2.11
2020-06-23,002837,9.88,10.0,10.23,9.6,45537,135211031.0,6.35,0.81,0.08,1.93
2020-06-24,002837,10.0,9.84,10.19,9.83,26120,77434054.0,3.6,-1.6,-0.16,1.11
2020-06-29,002837,9.77,9.56,9.95,9.49,34019,98615148.0,4.67,-2.85,-0.28,1.44
2020-06-30,002837,9.69,9.89,10.01,9.69,44925,132789356.0,3.35,3.45,0.33,1.9
2020-07-01,002837,10.05,9.57,10.09,9.49,47598,138020434.0,6.07,-3.24,-0.32,2.02
2020-07-02,002837,9.53,9.47,9.76,9.28,69343,197496336.0,5.02,-1.04,-0.1,2.94
2020-07-03,002837,9.49,9.51,9.61,9.25,56534,159508658.0,3.8,0.42,0.04,2.39
2020-07-06,002837,9.42,9.68,9.76,9.42,106384,307659200.0,3.58,1.79,0.17,4.51
2020-07-07,002837,9.68,10.56,10.69,9.68,146336,447719328.0,10.43,9.09,0.88,6.2
2020-07-08,002837,10.58,10.92,11.11,10.27,120776,383009696.0,7.95,3.41,0.36,5.11
2020-07-09,002837,10.93,10.96,11.11,10.65,104214,338533952.0,4.21,0.37,0.04,4.41
2020-07-10,002837,10.86,11.42,11.52,10.68,123534,411720448.0,7.66,4.2,0.46,5.23
2020-07-13,002837,11.45,11.67,11.99,11.29,124302,428646672.0,6.13,2.19,0.25,5.26
2020-07-14,002837,11.42,10.71,11.42,10.61,145351,472731136.0,6.94,-8.23,-0.96,6.16
2020-07-15,002837,10.71,10.26,10.82,10.25,80332,249755038.0,5.32,-4.2,-0.45,3.4
2020-07-16,002837,10.23,10.3,10.53,9.99,73924,228126774.0,5.26,0.39,0.04,3.13
2020-07-17,002837,10.39,10.01,10.52,9.86,58668,178084693.0,6.41,-2.82,-0.29,2.48
2020-07-20,002837,10.02,9.69,10.12,9.14,122089,344410000.0,9.79,-3.2,-0.32,5.17
2020-07-21,002837,9.63,9.44,9.63,9.34,59198,168007113.0,2.99,-2.58,-0.25,2.51
2020-07-22,002837,9.32,9.41,9.58,9.26,66874,189824336.0,3.39,-0.32,-0.03,2.83
2020-07-23,002837,9.39,8.77,9.39,8.72,126528,339749936.0,7.12,-6.8,-0.64,5.36
2020-07-24,002837,8.72,8.47,8.92,8.47,84563,221131224.0,5.13,-3.42,-0.3,3.58
2020-07-27,002837,8.44,8.78,8.78,8.24,50943,131280982.0,6.38,3.66,0.31,2.16
2020-07-28,002837,8.97,8.75,9.14,8.62,67514,179819102.0,5.92,-0.34,-0.03,2.86
2020-07-29,002837,8.76,8.89,8.93,8.62,60357,160777399.0,3.54,1.6,0.14,2.56
2020-07-30,002837,8.89,8.79,9.06,8.78,55099,147884011.0,3.15,-1.12,-0.1,2.33
2020-07-31,002837,8.79,8.89,8.96,8.72,48836,130373899.0,2.73,1.14,0.1,2.07
2020-08-03,002837,9.04,9.67,9.72,9.04,115469,327924896.0,7.65,8.77,0.78,4.89
2020-08-04,002837,9.88,9.57,9.88,9.39,105207,303103168.0,5.07,-1.03,-0.1,4.46
2020-08-05,002837,9.63,9.56,9.63,9.42,54785,156771143.0,2.19,-0.1,-0.01,2.32
2020-08-06,002837,9.56,9.25,9.59,9.06,94906,264503766.0,5.54,-3.24,-0.31,4.02
2020-08-07,002837,9.15,8.88,9.21,8.69,72721,194950956.0,5.62,-4.0,-0.37,3.08
2020-08-10,002837,8.86,8.93,9.05,8.77,45081,120929304.0,3.15,0.56,0.05,1.91
2020-08-11,002837,8.9,8.65,8.99,8.64,45080,119761485.0,3.92,-3.14,-0.28,1.91
2020-08-12,002837,8.65,8.48,8.65,8.28,45454,115499462.0,4.28,-1.97,-0.17,1.92
2020-08-13,002837,8.47,8.67,8.88,8.47,45574,119231872.0,4.83,2.24,0.19,1.93
2020-08-14,002837,8.62,8.72,8.79,8.55,31253,81703500.0,2.77,0.58,0.05,1.32
2020-08-17,002837,8.74,9.14,9.27,8.72,103764,284060736.0,6.31,4.82,0.42,4.39
2020-08-18,002837,9.11,8.97,9.14,8.88,66640,179994244.0,2.84,-1.86,-0.17,2.82
2020-08-19,002837,9.0,8.69,9.02,8.65,41027,108635191.0,4.12,-3.12,-0.28,1.74
2020-08-20,002837,8.6,8.67,8.75,8.55,21309,55738887.0,2.3,-0.23,-0.02,0.9
2020-08-21,002837,8.69,8.52,8.79,8.5,42772,111264813.0,3.34,-1.73,-0.15,1.81
2020-08-24,002837,8.56,8.52,8.56,8.37,43095,110078717.0,2.23,0.0,0.0,1.82
2020-08-25,002837,8.52,8.52,8.63,8.44,38045,97965161.0,2.23,0.0,0.0,1.61
2020-08-26,002837,8.45,8.32,8.54,8.27,33808,85523540.0,3.17,-2.35,-0.2,1.43
2020-08-27,002837,8.3,8.3,8.37,8.14,39920,99499833.0,2.76,-0.24,-0.02,1.69
2020-08-28,002837,8.3,8.39,8.43,8.27,29861,75390459.0,1.93,1.08,0.09,1.26
2020-08-31,002837,8.4,8.4,8.62,8.38,38753,99431114.0,2.86,0.12,0.01,1.64
2020-09-01,002837,8.36,8.54,8.6,8.31,45602,116859278.0,3.45,1.67,0.14,1.93
2020-09-02,002837,8.55,8.48,8.55,8.37,35790,91389491.0,2.11,-0.7,-0.06,1.52
2020-09-03,002837,8.45,8.3,8.51,8.28,26554,67086506.0,2.71,-2.12,-0.18,1.12
2020-09-04,002837,8.17,8.3,8.32,8.11,22132,55166834.0,2.53,0.0,0.0,0.94
2020-09-07,002837,8.3,7.79,8.34,7.68,60171,145604651.0,7.95,-6.14,-0.51,2.55
2020-09-08,002837,7.79,7.93,7.93,7.6,51826,121845856.0,4.24,1.8,0.14,2.19
2020-09-09,002837,7.85,7.86,8.08,7.77,32323,77382884.0,3.91,-0.88,-0.07,1.37
2020-09-10,002837,7.88,7.42,7.95,7.31,38624,89536861.0,8.14,-5.6,-0.44,1.64
2020-09-11,002837,7.32,7.45,7.47,7.28,24712,55586317.0,2.56,0.4,0.03,1.05
2020-09-14,002837,7.47,7.46,7.6,7.37,27567,62697779.0,3.09,0.13,0.01,1.17
2020-09-15,002837,7.47,7.49,7.56,7.39,18683,42406580.0,2.28,0.4,0.03,0.79
2020-09-16,002837,7.49,7.43,7.62,7.35,30624,69468606.0,3.6,-0.8,-0.06,1.3
2020-09-17,002837,7.46,7.49,7.62,7.3,40122,90952267.0,4.31,0.81,0.06,1.7
2020-09-18,002837,7.49,7.52,7.54,7.4,31187,70858120.0,1.87,0.4,0.03,1.32
2020-09-21,002837,7.61,7.52,7.78,7.5,46019,106270871.0,3.72,0.0,0.0,1.95
2020-09-22,002837,7.45,7.2,7.46,7.14,52405,116114415.0,4.26,-4.26,-0.32,2.22
2020-09-23,002837,7.21,7.23,7.27,7.13,31276,68594013.0,1.94,0.42,0.03,1.32
2020-09-24,002837,7.21,6.93,7.21,6.91,34130,72955248.0,4.15,-4.15,-0.3,1.45
2020-09-25,002837,6.93,6.87,7.01,6.8,32751,69038691.0,3.03,-0.87,-0.06,1.39
2020-09-28,002837,6.87,6.7,6.94,6.69,22245,46302988.0,3.64,-2.47,-0.17,0.94
2020-09-29,002837,6.77,6.9,7.04,6.71,34561,73061689.0,4.93,2.99,0.2,1.46
2020-09-30,002837,6.99,6.97,7.04,6.85,28884,61458330.0,2.75,1.01,0.07,1.22
2020-10-09,002837,7.04,7.21,7.24,7.04,34077,74589396.0,2.87,3.44,0.24,1.44
2020-10-12,002837,7.28,7.39,7.43,7.22,35334,79244957.0,2.91,2.5,0.18,1.5
2020-10-13,002837,7.46,7.45,7.48,7.29,28368,63934400.0,2.57,0.81,0.06,1.2
2020-10-14,002837,7.46,7.62,7.66,7.41,49388,113549831.0,3.36,2.28,0.17,2.09
2020-10-15,002837,7.67,7.45,7.67,7.44,31089,71108143.0,3.02,-2.23,-0.17,1.32
2020-10-16,002837,7.42,7.4,7.55,7.37,24453,55259146.0,2.42,-0.67,-0.05,1.04
2020-10-19,002837,7.39,7.34,7.5,7.33,18552,41862455.0,2.3,-0.81,-0.06,0.79
2020-10-20,002837,7.33,7.52,7.56,7.3,27418,62159709.0,3.54,2.45,0.18,1.16
2020-10-21,002837,7.52,7.52,7.65,7.47,27590,63336099.0,2.39,0.0,0.0,1.17
2020-10-22,002837,7.52,7.4,7.52,7.31,21709,48867784.0,2.79,-1.6,-0.12,0.92
2020-10-23,002837,7.39,7.25,7.47,7.2,18138,40494906.0,3.65,-2.03,-0.15,0.77
2020-10-26,002837,7.24,7.26,7.36,7.1,14315,31567614.0,3.59,0.14,0.01,0.61
2020-10-27,002837,7.27,6.76,7.27,6.73,71711,151304633.0,7.44,-6.89,-0.5,3.04
2020-10-28,002837,6.77,6.55,6.82,6.42,50682,101830518.0,5.92,-3.11,-0.21,2.15
2020-10-29,002837,6.46,6.37,6.54,6.27,42705,84128734.0,4.12,-2.75,-0.18,1.81
2020-10-30,002837,6.47,6.24,6.52,6.22,38024,74324173.0,4.71,-2.04,-0.13,1.61
2020-11-02,002837,6.27,6.24,6.37,6.2,29374,56554926.0,2.72,0.0,0.0,1.24
2020-11-03,002837,6.26,6.41,6.43,6.2,29594,57774389.0,3.69,2.72,0.17,1.25
2020-11-04,002837,6.45,6.4,6.51,6.31,23970,47124797.0,3.12,-0.16,-0.01,1.02
2020-11-05,002837,6.44,6.85,6.9,6.4,68119,139529233.0,7.81,7.03,0.45,2.88
2020-11-06,002837,6.85,6.83,6.88,6.65,40065,83138532.0,3.36,-0.29,-0.02,1.7
2020-11-09,002837,6.83,7.21,7.22,6.79,63415,136504554.0,6.3,5.56,0.38,2.69
2020-11-10,002837,7.38,7.12,7.39,7.08,73865,162458489.0,4.3,-1.25,-0.09,3.13
2020-11-11,002837,7.05,6.86,7.17,6.83,42629,90923152.0,4.78,-3.65,-0.26,1.81
2020-11-12,002837,6.87,6.77,6.93,6.71,27097,56404874.0,3.21,-1.31,-0.09,1.15
2020-11-13,002837,6.81,6.67,6.85,6.62,26618,54562379.0,3.4,-1.48,-0.1,1.13
2020-11-16,002837,6.66,6.67,6.74,6.61,18557,37884831.0,1.95,0.0,0.0,0.79
2020-11-17,002837,6.73,6.52,6.73,6.4,28317,56397614.0,4.95,-2.25,-0.15,1.2
2020-11-18,002837,6.48,6.45,6.6,6.43,18683,37202264.0,2.61,-1.07,-0.07,0.79
2020-11-19,002837,6.45,6.51,6.53,6.31,21755,43072288.0,3.41,0.93,0.06,0.92
2020-11-20,002837,6.48,6.48,6.51,6.42,16622,33006543.0,1.38,-0.46,-0.03,0.7
2020-11-23,002837,6.45,6.4,6.48,6.35,22029,43356638.0,2.01,-1.23,-0.08,0.93
2020-11-24,002837,6.43,6.45,6.61,6.41,33967,67753270.0,3.13,0.78,0.05,1.44
2020-11-25,002837,6.45,6.42,6.53,6.42,29114,57814326.0,1.71,-0.47,-0.03,1.23
2020-11-26,002837,6.58,6.81,6.82,6.48,71274,145147968.0,5.3,6.07,0.39,3.02
2020-11-27,002837,6.73,6.64,6.79,6.59,45106,92188542.0,2.94,-2.5,-0.17,1.91
2020-11-30,002837,6.64,6.46,6.66,6.45,31909,63661778.0,3.16,-2.71,-0.18,1.35
2020-12-01,002837,6.47,6.53,6.57,6.47,19523,39066896.0,1.55,1.08,0.07,0.83
2020-12-02,002837,6.53,6.52,6.58,6.47,24773,49345245.0,1.68,-0.15,-0.01,1.05
2020-12-03,002837,6.48,6.46,6.51,6.43,17742,35185069.0,1.23,-0.92,-0.06,0.75
2020-12-04,002837,6.45,6.44,6.49,6.42,15403,30502718.0,1.08,-0.31,-0.02,0.65
2020-12-07,002837,6.45,6.47,6.55,6.42,17609,35011134.0,2.02,0.47,0.03,0.75
2020-12-08,002837,6.47,6.51,6.54,6.47,18215,36401032.0,1.08,0.62,0.04,0.77
2020-12-09,002837,6.52,6.35,6.52,6.34,25626,50398194.0,2.76,-2.46,-0.16,1.09
2020-12-10,002837,6.37,6.4,6.4,6.22,13884,26985554.0,2.83,0.79,0.05,0.59
2020-12-11,002837,6.33,6.26,6.39,6.22,16489,31769729.0,2.66,-2.19,-0.14,0.7
2020-12-14,002837,6.26,6.16,6.29,6.11,14873,28157633.0,2.88,-1.6,-0.1,0.63
2020-12-15,002837,6.17,6.04,6.17,5.98,26209,48801380.0,3.08,-1.95,-0.12,1.11
2020-12-16,002837,6.05,5.85,6.05,5.84,20761,37731993.0,3.48,-3.15,-0.19,0.88
2020-12-17,002837,5.86,6.03,6.06,5.7,23149,42535089.0,6.15,3.08,0.18,0.98
2020-12-18,002837,6.02,5.9,6.02,5.88,15195,27845007.0,2.32,-2.16,-0.13,0.64
2020-12-21,002837,5.94,5.92,5.95,5.89,9699,17743818.0,1.02,0.34,0.02,0.41
2020-12-22,002837,5.91,5.63,5.91,5.61,32396,57527277.0,5.07,-4.9,-0.29,1.37
2020-12-23,002837,5.63,5.64,5.67,5.57,18086,31551174.0,1.78,0.18,0.01,0.77
2020-12-24,002837,5.64,5.5,5.71,5.48,16677,28974394.0,4.08,-2.48,-0.14,0.71
2020-12-25,002837,5.48,5.44,5.54,5.39,14664,24861358.0,2.73,-1.09,-0.06,0.62
2020-12-28,002837,5.41,5.66,5.89,5.38,37245,65260172.0,9.38,4.04,0.22,1.58
2020-12-29,002837,5.64,5.75,5.87,5.57,27866,49704047.0,5.3,1.59,0.09,1.18
2020-12-30,002837,5.75,5.64,5.75,5.6,20805,36369580.0,2.61,-1.91,-0.11,0.88
2020-12-31,002837,5.61,5.64,5.74,5.61,19398,34125958.0,2.3,0.0,0.0,0.82
2021-01-04,002837,5.68,6.26,6.26,5.66,47404,88573901.0,10.64,10.99,0.62,2.01
2021-01-05,002837,6.48,6.57,6.9,6.33,104339,209623869.0,9.11,4.95,0.31,4.42
2021-01-06,002837,6.48,6.28,6.57,6.26,52723,103189960.0,4.72,-4.41,-0.29,2.23
2021-01-07,002837,6.34,6.1,6.34,6.03,39369,74445674.0,4.94,-2.87,-0.18,1.67
2021-01-08,002837,6.08,6.25,6.4,5.96,38869,74417206.0,7.21,2.46,0.15,1.65
2021-01-11,002837,6.2,6.28,6.38,6.1,40944,79185173.0,4.48,0.48,0.03,1.73
2021-01-12,002837,6.29,6.3,6.36,6.19,26018,50220939.0,2.71,0.32,0.02,1.1
2021-01-13,002837,6.36,6.61,6.86,6.17,56612,112820658.0,10.95,4.92,0.31,2.39
2021-01-14,002837,6.48,7.16,7.3,6.44,128565,273054896.0,13.01,8.32,0.55,5.44
2021-01-15,002837,7.14,7.05,7.39,6.8,80979,174575959.0,8.24,-1.54,-0.11,3.42
2021-01-18,002837,7.01,7.01,7.17,6.87,43263,92598127.0,4.26,-0.57,-0.04,1.83
2021-01-19,002837,7.01,7.21,7.34,6.98,67002,146877189.0,5.14,2.85,0.2,2.83
2021-01-20,002837,7.21,7.16,7.46,7.09,54853,121358473.0,5.13,-0.69,-0.05,2.32
2021-01-21,002837,7.18,6.94,7.22,6.85,63242,134480806.0,5.17,-3.07,-0.22,2.67
2021-01-22,002837,6.92,6.58,6.99,6.55,45510,93268392.0,6.34,-5.19,-0.36,1.92
2021-01-25,002837,6.59,6.58,6.71,6.42,31472,63363731.0,4.41,0.0,0.0,1.33
2021-01-26,002837,6.56,6.31,6.61,6.31,26910,53311394.0,4.56,-4.1,-0.27,1.14
2021-01-27,002837,6.31,6.13,6.39,6.07,29265,55843703.0,5.07,-2.85,-0.18,1.24
2021-01-28,002837,6.1,6.13,6.2,6.08,19173,36274685.0,1.96,0.0,0.0,0.81
2021-01-29,002837,6.12,5.97,6.12,5.82,22370,41111601.0,4.89,-2.61,-0.16,0.95
2021-02-01,002837,5.96,6.0,6.11,5.92,18650,34610241.0,3.18,0.5,0.03,0.79
2021-02-02,002837,5.96,6.32,6.48,5.93,32566,62626002.0,9.17,5.33,0.32,1.38
2021-02-03,002837,6.32,6.34,6.51,6.19,26082,50969617.0,5.06,0.32,0.02,1.1
2021-02-04,002837,6.28,6.2,6.38,6.03,24317,46219024.0,5.52,-2.21,-0.14,1.03
2021-02-05,002837,6.2,5.95,6.27,5.92,14987,28028014.0,5.65,-4.03,-0.25,0.63
2021-02-08,002837,5.95,6.09,6.15,5.89,11390,21245451.0,4.37,2.35,0.14,0.48
2021-02-09,002837,6.09,6.13,6.22,6.05,12454,23557656.0,2.79,0.66,0.04,0.53
2021-02-10,002837,6.13,6.07,6.21,6.02,16927,31760918.0,3.1,-0.98,-0.06,0.72
2021-02-18,002837,6.13,6.33,6.44,6.13,36274,70223043.0,5.11,4.28,0.26,1.53
2021-02-19,002837,6.37,6.54,6.54,6.3,27791,54861635.0,3.79,3.32,0.21,1.18
2021-02-22,002837,6.54,6.41,6.66,6.41,30885,61927181.0,3.82,-1.99,-0.13,1.31
2021-02-23,002837,6.41,6.27,6.42,6.23,19752,38328535.0,2.96,-2.18,-0.14,0.84
2021-02-24,002837,6.27,6.53,6.57,6.24,33352,65830107.0,5.26,4.15,0.26,1.41
2021-02-25,002837,6.62,6.59,6.65,6.47,30358,60945991.0,2.76,0.92,0.06,1.28
2021-02-26,002837,6.49,6.55,6.72,6.4,36231,73394384.0,4.86,-0.61,-0.04,1.53
2021-03-01,002837,6.55,6.62,6.67,6.43,29782,59958655.0,3.66,1.07,0.07,1.26
2021-03-02,002837,6.59,6.54,6.63,6.49,18297,36712468.0,2.11,-1.21,-0.08,0.77
2021-03-03,002837,6.5,6.51,6.57,6.48,16943,33872105.0,1.38,-0.46,-0.03,0.72
2021-03-04,002837,6.48,6.3,6.51,6.3,21803,42815273.0,3.23,-3.23,-0.21,0.92
2021-03-05,002837,6.21,6.29,6.38,6.21,15245,29482657.0,2.7,-0.16,-0.01,0.64
2021-03-08,002837,6.34,6.04,6.36,6.04,24394,46311549.0,5.09,-3.97,-0.25,1.03
2021-03-09,002837,6.09,5.7,6.09,5.66,25261,45402078.0,7.12,-5.63,-0.34,1.07
2021-03-10,002837,5.77,5.72,5.8,5.67,14304,25376038.0,2.28,0.35,0.02,0.6
2021-03-11,002837,5.72,5.8,5.8,5.64,14092,25043722.0,2.8,1.4,0.08,0.6
2021-03-12,002837,5.84,5.78,5.85,5.66,14725,26200836.0,3.28,-0.34,-0.02,0.62
2021-03-15,002837,5.78,5.71,5.81,5.64,10633,18903158.0,2.94,-1.21,-0.07,0.45
2021-03-16,002837,5.71,5.87,5.95,5.68,15071,27071755.0,4.73,2.8,0.16,0.64
2021-03-17,002837,5.78,5.78,5.81,5.75,14201,25384913.0,1.02,-1.53,-0.09,0.6
2021-03-18,002837,5.74,5.73,5.78,5.68,13404,23728717.0,1.73,-0.87,-0.05,0.57
2021-03-19,002837,5.68,5.67,5.78,5.66,10265,18158409.0,2.09,-1.05,-0.06,0.43
2021-03-22,002837,5.67,5.65,5.71,5.57,13326,23336377.0,2.47,-0.35,-0.02,0.56
2021-03-23,002837,5.7,5.59,5.7,5.56,11631,20224737.0,2.48,-1.06,-0.06,0.49
2021-03-24,002837,5.6,5.46,5.61,5.43,15052,25738977.0,3.22,-2.33,-0.13,0.64
2021-03-25,002837,5.48,5.46,5.5,5.42,10115,17185143.0,1.47,0.0,0.0,0.43
2021-03-26,002837,5.6,5.54,5.6,5.47,11368,19536193.0,2.38,1.47,0.08,0.48
2021-03-29,002837,5.53,5.67,5.71,5.52,13731,23959147.0,3.43,2.35,0.13,0.58
2021-03-30,002837,5.64,5.63,5.72,5.62,11638,20470248.0,1.76,-0.71,-0.04,0.49
2021-03-31,002837,5.63,5.56,5.63,5.54,8433,14553338.0,1.6,-1.24,-0.07,0.36
2021-04-01,002837,5.55,5.64,5.64,5.52,8521,14769865.0,2.16,1.44,0.08,0.36
2021-04-02,002837,5.66,5.61,5.67,5.6,9756,17022895.0,1.24,-0.53,-0.03,0.41
2021-04-06,002837,5.74,5.77,5.8,5.67,15765,28064764.0,2.32,2.85,0.16,0.67
2021-04-07,002837,5.77,5.85,5.88,5.74,17582,31637852.0,2.43,1.39,0.08,0.74
2021-04-08,002837,5.84,5.9,5.94,5.75,15367,27980970.0,3.25,0.85,0.05,0.65
2021-04-09,002837,5.88,5.8,5.88,5.78,10397,18721812.0,1.69,-1.69,-0.1,0.44
2021-04-12,002837,5.8,5.69,5.8,5.68,11738,20837528.0,2.07,-1.9,-0.11,0.5
2021-04-13,002837,5.67,5.72,5.76,5.67,7166,12700539.0,1.58,0.53,0.03,0.3
2021-04-14,002837,5.85,5.76,5.85,5.65,8906,15900180.0,3.5,0.7,0.04,0.38
2021-04-15,002837,5.83,6.06,6.08,5.78,32574,60068719.0,5.21,5.21,0.3,1.38
2021-04-16,002837,6.07,6.01,6.1,5.96,17631,32804785.0,2.31,-0.83,-0.05,0.75
2021-04-19,002837,6.06,6.06,6.14,6.03,16656,31128789.0,1.83,0.83,0.05,0.7
2021-04-20,002837,6.09,5.98,6.13,5.98,12817,23876271.0,2.48,-1.32,-0.08,0.54
2021-04-21,002837,5.96,5.95,6.01,5.92,8509,15663335.0,1.51,-0.5,-0.03,0.36
2021-04-22,002837,5.96,6.08,6.09,5.92,18017,33513586.0,2.86,2.18,0.13,0.76
2021-04-23,002837,6.1,5.98,6.1,5.98,9857,18293238.0,1.97,-1.64,-0.1,0.42
2021-04-26,002837,6.01,6.14,6.2,5.94,25302,47808399.0,4.35,2.68,0.16,1.07
2021-04-27,002837,6.16,6.16,6.19,5.96,20003,37529549.0,3.75,0.33,0.02,0.85
2021-04-28,002837,6.15,6.09,6.15,5.99,12048,22575061.0,2.6,-1.14,-0.07,0.51
2021-04-29,002837,6.05,5.92,6.08,5.92,15649,29021396.0,2.63,-2.79,-0.17,0.66
2021-04-30,002837,5.92,5.81,5.95,5.74,12125,21784516.0,3.55,-1.86,-0.11,0.51
2021-05-06,002837,5.78,5.77,5.91,5.7,15051,26885636.0,3.61,-0.69,-0.04,0.64
2021-05-07,002837,5.77,5.73,5.8,5.7,7430,13213884.0,1.73,-0.69,-0.04,0.31
2021-05-10,002837,5.68,5.73,5.75,5.68,7458,13207274.0,1.22,0.0,0.0,0.32
2021-05-11,002837,5.73,5.79,5.83,5.64,10050,17907437.0,3.32,1.05,0.06,0.43
2021-05-12,002837,5.78,5.85,5.9,5.74,9791,17698414.0,2.76,1.04,0.06,0.41
2021-05-13,002837,5.84,5.8,5.87,5.78,8097,14565568.0,1.54,-0.85,-0.05,0.34
2021-05-14,002837,5.8,6.42,6.42,5.75,41679,79597941.0,11.55,10.69,0.62,1.76
2021-05-17,002837,7.11,6.45,7.11,6.45,128424,269122384.0,10.28,0.47,0.03,5.43
2021-05-18,002837,6.17,6.28,6.49,6.03,83976,160066662.0,7.13,-2.64,-0.17,3.55
2021-05-19,002837,6.17,6.23,6.31,6.15,36489,70022041.0,2.55,-0.8,-0.05,1.54
2021-05-20,002837,6.26,6.1,6.31,6.08,32748,62044756.0,3.69,-2.09,-0.13,1.39
2021-05-21,002837,6.12,6.05,6.19,5.98,27750,51664355.0,3.44,-0.82,-0.05,1.17
2021-05-24,002837,6.05,6.17,6.24,5.93,27788,51967775.0,5.12,1.98,0.12,1.18
2021-05-25,002837,6.13,6.16,6.19,6.06,23213,43827337.0,2.11,-0.16,-0.01,0.98
2021-05-26,002837,6.16,6.3,6.36,6.1,36631,70540194.0,4.22,2.27,0.14,1.55
2021-05-27,002837,6.36,6.27,6.36,6.24,27320,52388295.0,1.9,-0.48,-0.03,1.16
2021-05-28,002837,6.25,6.18,6.27,6.17,19151,36230022.0,1.59,-1.44,-0.09,0.81
2021-05-31,002837,6.2,6.27,6.31,6.14,20522,38967104.0,2.75,1.46,0.09,0.87
2021-06-01,002837,6.27,6.28,6.35,6.21,19397,37139541.0,2.23,0.16,0.01,0.82
2021-06-02,002837,6.28,6.13,6.29,6.12,19363,36495381.0,2.71,-2.39,-0.15,0.82
2021-06-03,002837,6.17,6.16,6.29,6.13,16950,32156569.0,2.61,0.49,0.03,0.72
2021-06-04,002837,6.12,6.01,6.19,6.01,16535,30770480.0,2.92,-2.44,-0.15,0.7
2021-06-07,002837,6.08,6.12,6.21,5.98,19123,35534898.0,3.83,1.83,0.11,0.78
2021-06-08,002837,6.13,6.37,6.68,6.09,66291,129736032.0,9.64,4.08,0.25,2.62
2021-06-09,002837,6.37,6.3,6.46,6.29,31705,61336532.0,2.67,-1.1,-0.07,1.25
2021-06-10,002837,6.34,6.45,6.49,6.27,32740,63936940.0,3.49,2.38,0.15,1.29
2021-06-11,002837,6.54,6.37,6.55,6.35,22629,44180570.0,3.1,-1.24,-0.08,0.89
2021-06-15,002837,6.36,6.22,6.46,6.2,22700,43677073.0,4.08,-2.35,-0.15,0.9
2021-06-16,002837,6.23,6.21,6.39,6.14,20956,39995236.0,4.02,-0.16,-0.01,0.83
2021-06-17,002837,6.13,6.21,6.26,6.11,23674,44548249.0,2.42,0.0,0.0,0.94
2021-06-18,002837,6.24,6.21,6.26,6.16,14463,27413523.0,1.61,0.0,0.0,0.57
2021-06-21,002837,6.21,6.35,6.38,6.19,21886,42182259.0,3.06,2.25,0.14,0.87
2021-06-22,002837,6.34,6.39,6.41,6.3,24783,48004855.0,1.73,0.63,0.04,0.98
2021-06-23,002837,6.39,6.36,6.45,6.32,28235,54802413.0,2.03,-0.47,-0.03,1.12
2021-06-24,002837,6.34,6.38,6.47,6.26,36793,71363524.0,3.3,0.31,0.02,1.46
2021-06-25,002837,6.37,6.22,6.38,6.2,35565,67865505.0,2.82,-2.51,-0.16,1.41
2021-06-28,002837,6.18,6.06,6.19,6.04,37258,69413625.0,2.41,-2.57,-0.16,1.47
2021-06-29,002837,6.07,5.9,6.11,5.88,27543,50355711.0,3.8,-2.64,-0.16,1.09
2021-06-30,002837,5.93,5.91,6.0,5.89,19014,34431810.0,1.86,0.17,0.01,0.75
2021-07-01,002837,5.97,5.79,5.98,5.78,18636,33385107.0,3.38,-2.03,-0.12,0.74
2021-07-02,002837,5.79,5.7,5.81,5.66,18850,32995285.0,2.59,-1.55,-0.09,0.75
2021-07-05,002837,5.66,5.75,5.79,5.66,12718,22384703.0,2.28,0.88,0.05,0.5
2021-07-06,002837,5.78,5.79,5.79,5.71,12708,22420059.0,1.39,0.7,0.04,0.5
2021-07-07,002837,5.79,5.84,5.86,5.73,11584,20649620.0,2.25,0.86,0.05,0.46
2021-07-08,002837,5.82,5.84,5.92,5.78,13666,24480248.0,2.4,0.0,0.0,0.54
2021-07-09,002837,5.85,5.78,5.85,5.71,12634,22286930.0,2.4,-1.03,-0.06,0.5
2021-07-12,002837,5.81,5.9,5.94,5.78,19362,34837272.0,2.77,2.08,0.12,0.77
2021-07-13,002837,5.91,5.91,5.92,5.84,12949,23344521.0,1.36,0.17,0.01,0.51
2021-07-14,002837,5.92,6.04,6.07,5.84,31809,58300317.0,3.89,2.2,0.13,1.26
2021-07-15,002837,6.04,6.28,6.29,5.95,48984,91856144.0,5.63,3.97,0.24,1.94
2021-07-16,002837,6.29,6.2,6.37,6.16,42023,80131764.0,3.34,-1.27,-0.08,1.66
2021-07-19,002837,6.19,6.33,6.36,6.1,36834,70236631.0,4.19,2.1,0.13,1.46
2021-07-20,002837,6.23,6.25,6.31,6.16,26068,49497704.0,2.37,-1.26,-0.08,1.03
2021-07-21,002837,6.26,6.23,6.33,6.17,26717,50754046.0,2.56,-0.32,-0.02,1.06
2021-07-22,002837,6.27,6.42,6.46,6.2,51107,99402266.0,4.17,3.05,0.19,2.02
2021-07-23,002837,6.37,6.34,6.58,6.34,34833,68028625.0,3.74,-1.25,-0.08,1.38
2021-07-26,002837,6.3,6.29,6.39,6.17,33505,64222492.0,3.47,-0.79,-0.05,1.33
2021-07-27,002837,6.31,6.28,6.43,6.23,41845,80812420.0,3.18,-0.16,-0.01,1.65
2021-07-28,002837,6.26,6.46,6.48,6.13,60055,116352978.0,5.57,2.87,0.18,2.38
2021-07-29,002837,6.56,6.9,7.13,6.39,121488,249133350.0,11.46,6.81,0.44,4.8
2021-07-30,002837,7.63,7.63,7.63,7.63,74863,172258773.0,0.0,10.58,0.73,2.96
2021-08-02,002837,8.44,8.44,8.44,8.44,26052,65938548.0,0.0,10.62,0.81,1.03
2021-08-03,002837,8.99,9.33,9.33,8.72,264595,719490704.0,7.23,10.55,0.89,10.46
2021-08-04,002837,9.49,10.3,10.3,9.47,459273,1369675344.0,8.9,10.4,0.97,18.16
2021-08-05,002837,9.91,10.94,11.33,9.7,387743,1185242480.0,15.83,6.21,0.64,15.34
2021-08-06,002837,11.72,12.08,12.08,11.37,376070,1322693616.0,6.49,10.42,1.14,14.87
2021-08-09,002837,11.44,11.53,11.89,10.86,295357,999943104.0,8.53,-4.55,-0.55,11.68
2021-08-10,002837,11.2,11.43,12.15,10.81,290870,984952864.0,11.62,-0.87,-0.1,11.5
2021-08-11,002837,10.94,12.62,12.62,10.94,301386,1093704688.0,14.7,10.41,1.19,11.92
2021-08-12,002837,12.88,12.11,13.05,11.72,348340,1266410544.0,10.54,-4.04,-0.51,13.78
2021-08-13,002837,11.48,11.72,12.01,11.15,224002,768164880.0,7.1,-3.22,-0.39,8.86
2021-08-16,002837,11.42,11.94,12.62,11.2,247665,880035200.0,12.12,1.88,0.22,9.8
2021-08-17,002837,11.88,10.84,12.46,10.71,279600,935801440.0,14.66,-9.21,-1.1,11.06
2021-08-18,002837,10.75,10.44,10.91,10.08,193789,603873616.0,7.66,-3.69,-0.4,7.66
2021-08-19,002837,10.38,10.59,10.68,10.27,157671,492377440.0,3.93,1.44,0.15,6.24
2021-08-20,002837,10.75,10.86,10.94,10.26,158918,501650112.0,6.42,2.55,0.27,6.25
2021-08-23,002837,11.02,10.9,11.02,10.36,160479,508795168.0,6.08,0.37,0.04,6.32
2021-08-24,002837,10.68,10.79,11.2,10.42,174042,556072896.0,7.16,-1.01,-0.11,6.85
2021-08-25,002837,10.61,10.47,10.94,10.29,134209,419460624.0,6.02,-2.97,-0.32,5.28
2021-08-26,002837,10.46,11.02,11.41,10.46,218198,712908448.0,9.07,5.25,0.55,8.59
2021-08-27,002837,10.64,9.88,10.64,9.88,206897,616897488.0,6.9,-10.34,-1.14,8.14
2021-08-30,002837,9.62,9.98,10.06,9.59,154658,455495424.0,4.76,1.01,0.1,6.09
2021-08-31,002837,10.01,10.19,10.81,9.99,153874,472417088.0,8.22,2.1,0.21,6.06
2021-09-01,002837,10.22,11.26,11.26,10.22,250652,805635824.0,10.21,10.5,1.07,9.86
2021-09-02,002837,11.37,11.09,11.37,10.46,166670,542517568.0,8.08,-1.51,-0.17,6.56
2021-09-03,002837,11.26,10.94,11.81,10.61,167116,555848000.0,10.82,-1.35,-0.15,6.58
2021-09-06,002837,10.52,10.68,10.75,9.94,122112,375289392.0,7.4,-2.38,-0.26,4.81
2021-09-07,002837,10.68,10.3,10.78,10.26,83711,258665530.0,4.87,-3.56,-0.38,3.29
2021-09-08,002837,10.14,9.89,10.2,9.63,106335,312958064.0,5.53,-3.98,-0.41,4.18
2021-09-09,002837,9.84,9.47,9.87,9.44,95889,274135840.0,4.35,-4.25,-0.42,3.77
2021-09-10,002837,9.58,9.69,9.82,9.32,91439,262391925.0,5.28,2.32,0.22,3.6
2021-09-13,002837,9.73,10.0,10.06,9.42,106354,310269264.0,6.6,3.2,0.31,4.19
2021-09-14,002837,9.88,10.16,10.47,9.7,92869,280327520.0,7.7,1.6,0.16,3.65
2021-09-15,002837,10.02,10.39,10.45,9.73,90062,271588272.0,7.09,2.26,0.23,3.54
2021-09-16,002837,10.4,10.36,10.89,10.29,116184,365234944.0,5.77,-0.29,-0.03,4.57
2021-09-17,002837,10.36,10.51,10.62,10.04,62034,191257881.0,5.6,1.45,0.15,2.44
2021-09-22,002837,10.08,10.75,10.9,9.93,55330,173696479.0,9.23,2.28,0.24,2.18
2021-09-23,002837,10.69,11.69,11.86,10.64,122294,413408352.0,11.35,8.74,0.94,4.81
2021-09-24,002837,11.48,11.15,11.79,11.06,93816,316614000.0,6.24,-4.62,-0.54,3.69
2021-09-27,002837,11.25,10.43,11.25,10.26,65779,206286328.0,8.88,-6.46,-0.72,2.59
2021-09-28,002837,10.52,9.98,10.6,9.87,46550,140556232.0,7.0,-4.31,-0.45,1.83
2021-09-29,002837,9.94,9.48,10.31,9.42,53553,156606463.0,8.92,-5.01,-0.5,2.11
2021-09-30,002837,9.53,10.47,10.47,9.53,65141,197946697.0,9.92,10.44,0.99,2.56
2021-10-08,002837,11.13,10.18,11.13,10.06,55455,171449932.0,10.22,-2.77,-0.29,2.18
2021-10-11,002837,10.31,9.83,10.43,9.77,37629,111545458.0,6.48,-3.44,-0.35,1.48
2021-10-12,002837,9.91,10.1,10.32,9.56,49781,147936345.0,7.73,2.75,0.27,1.96
2021-10-13,002837,10.05,10.66,10.66,9.7,58862,178936126.0,9.5,5.54,0.56,2.32
2021-10-14,002837,10.43,11.77,11.77,10.43,81317,271726368.0,12.57,10.41,1.11,3.2
2021-10-15,002837,12.01,11.75,12.22,11.56,124734,437852784.0,5.61,-0.17,-0.02,4.91
2021-10-18,002837,11.8,11.99,12.36,11.66,99364,352256400.0,5.96,2.04,0.24,3.91
2021-10-19,002837,12.53,12.36,13.24,12.01,162675,616596272.0,10.26,3.09,0.37,6.4
2021-10-20,002837,12.04,12.26,12.77,12.04,121051,443960496.0,5.91,-0.81,-0.1,4.76
2021-10-21,002837,12.1,12.56,13.06,11.63,132255,488871680.0,11.66,2.45,0.3,5.2
2021-10-22,002837,12.76,13.6,13.86,12.52,196725,777417408.0,10.67,8.28,1.04,7.74
2021-10-25,002837,13.97,14.96,15.0,13.67,236701,1010533536.0,9.78,10.0,1.36,9.32
2021-10-26,002837,14.56,13.94,14.65,13.42,235903,973107328.0,8.22,-6.82,-1.02,9.28
2021-10-27,002837,13.76,14.44,14.51,13.54,160102,662797840.0,6.96,3.59,0.5,6.3
2021-10-28,002837,14.28,13.61,14.76,13.57,111771,461914064.0,8.24,-5.75,-0.83,4.4
2021-10-29,002837,13.73,15.02,15.02,13.32,173781,730012880.0,12.49,10.36,1.41,6.84
2021-11-01,002837,15.19,16.56,16.56,14.57,159200,735886240.0,13.25,10.25,1.54,6.27
2021-11-02,002837,16.73,16.87,17.34,15.58,202320,973653232.0,10.63,1.87,0.31,7.96
2021-11-03,002837,16.45,15.47,16.45,15.14,200351,912617952.0,7.77,-8.3,-1.4,7.88
2021-11-04,002837,15.09,15.63,16.09,14.46,168416,760090224.0,10.54,1.03,0.16,6.63
2021-11-05,002837,15.33,14.03,15.33,14.03,164080,703927344.0,8.32,-10.24,-1.6,6.46
2021-11-08,002837,13.93,14.36,14.49,13.66,115156,481282192.0,5.92,2.35,0.33,4.53
2021-11-09,002837,14.5,14.49,15.02,14.16,127015,543906592.0,5.99,0.91,0.13,5.0
2021-11-10,002837,14.69,15.06,15.5,14.42,154493,677478272.0,7.45,3.93,0.57,6.04
2021-11-11,002837,14.64,14.41,15.33,14.22,132116,569876832.0,7.37,-4.32,-0.65,5.16
2021-11-12,002837,14.63,14.86,15.1,14.21,114650,497672416.0,6.18,3.12,0.45,4.48
2021-11-15,002837,14.7,13.72,14.7,13.53,143224,585354688.0,7.87,-7.67,-1.14,5.6
2021-11-16,002837,13.57,13.9,14.0,13.4,75532,305342544.0,4.37,1.31,0.18,2.95
2021-11-17,002837,13.89,14.68,14.83,13.58,106957,447214704.0,8.99,5.61,0.78,4.18
2021-11-18,002837,14.56,14.73,15.12,14.39,89422,387578176.0,4.97,0.34,0.05,3.49
2021-11-19,002837,14.47,15.55,15.77,14.3,119296,531013072.0,9.98,5.57,0.82,4.66
2021-11-22,002837,15.31,15.51,16.01,14.91,121990,552634624.0,7.07,-0.26,-0.04,4.77
2021-11-23,002837,15.47,15.4,15.82,15.04,86115,390349808.0,5.03,-0.71,-0.11,3.37
2021-11-24,002837,15.62,14.68,15.62,14.54,98502,437560016.0,7.01,-4.68,-0.72,3.85
2021-11-25,002837,14.59,14.49,14.93,14.46,61644,265467915.0,3.2,-1.29,-0.19,2.41
2021-11-26,002837,14.46,14.52,14.74,14.23,64567,274430160.0,3.52,0.21,0.03,2.52
2021-11-29,002837,14.29,16.01,16.01,14.14,161836,740587040.0,12.88,10.26,1.49,6.32
2021-11-30,002837,16.18,16.73,17.32,16.07,160308,785643584.0,7.81,4.5,0.72,6.26
2021-12-01,002837,16.73,15.55,16.82,15.46,110943,520743152.0,8.13,-7.05,-1.18,4.34
2021-12-02,002837,15.81,14.74,15.85,14.18,141411,610520432.0,10.74,-5.21,-0.81,5.53
2021-12-03,002837,14.73,15.35,15.61,14.63,90166,400638560.0,6.65,4.14,0.61,3.52
2021-12-06,002837,15.33,15.26,15.75,15.13,69663,314771648.0,4.04,-0.59,-0.09,2.72
2021-12-07,002837,15.27,14.48,15.3,14.17,80127,341602464.0,7.4,-5.11,-0.78,3.13
2021-12-08,002837,14.81,15.97,15.97,14.81,118435,546253376.0,8.01,10.29,1.49,4.63
2021-12-09,002837,16.25,15.36,16.35,15.29,130829,600025088.0,6.64,-3.82,-0.61,5.11
2021-12-10,002837,15.34,15.47,15.66,15.0,81988,370128096.0,4.3,0.72,0.11,3.2
2021-12-13,002837,15.47,16.0,16.31,15.15,91361,424883712.0,7.5,3.43,0.53,3.57
2021-12-14,002837,15.89,16.17,17.09,15.75,111305,536187888.0,8.38,1.06,0.17,4.35
2021-12-15,002837,16.17,16.96,17.32,15.74,109117,536896416.0,9.77,4.89,0.79,4.26
2021-12-16,002837,16.73,16.04,16.96,15.82,112923,536730912.0,6.72,-5.42,-0.92,4.41
2021-12-17,002837,15.89,15.68,16.38,15.51,71232,330774224.0,5.42,-2.24,-0.36,2.78
2021-12-20,002837,15.36,14.77,15.5,14.25,110862,481970288.0,7.97,-5.8,-0.91,4.33
2021-12-21,002837,14.76,14.67,14.76,14.17,60688,258985279.0,3.99,-0.68,-0.1,2.37
2021-12-22,002837,14.78,15.33,15.39,14.33,102249,448715920.0,7.23,4.5,0.66,4.0
2021-12-23,002837,15.26,15.59,15.85,15.1,68381,310851632.0,4.89,1.7,0.26,2.67
2021-12-24,002837,15.47,14.92,15.76,14.88,46647,208855153.0,5.64,-4.3,-0.67,1.82
2021-12-27,002837,15.01,14.51,15.07,14.26,52963,226477209.0,5.43,-2.75,-0.41,2.07
2021-12-28,002837,14.6,14.8,14.86,14.42,40778,175622850.0,3.03,2.0,0.29,1.59
2021-12-29,002837,14.77,14.0,14.77,13.69,90293,372675968.0,7.3,-5.41,-0.8,3.53
2021-12-30,002837,13.7,13.82,14.02,13.41,65744,266054595.0,4.36,-1.29,-0.18,2.57
2021-12-31,002837,13.69,13.9,14.41,13.69,79841,331548752.0,5.21,0.58,0.08,3.14
2022-01-04,002837,13.9,13.66,14.05,12.98,94428,375395488.0,7.7,-1.73,-0.24,3.71
2022-01-05,002837,13.49,13.03,13.58,12.99,62183,241995773.0,4.32,-4.61,-0.63,2.44
2022-01-06,002837,12.88,13.15,13.26,12.57,62843,240229756.0,5.3,0.92,0.12,2.47
2022-01-07,002837,13.06,12.6,13.15,12.53,61121,229046450.0,4.71,-4.18,-0.55,2.4
2022-01-10,002837,12.49,12.29,12.63,12.14,59074,215547009.0,3.89,-2.46,-0.31,2.32
2022-01-11,002837,12.36,11.67,12.38,11.51,99260,345563712.0,7.08,-5.04,-0.62,3.9
2022-01-12,002837,11.83,12.08,12.11,11.77,59800,211814994.0,2.91,3.51,0.41,2.35
2022-01-13,002837,12.01,11.52,12.07,11.45,62627,216138937.0,5.13,-4.64,-0.56,2.46
2022-01-14,002837,11.53,11.78,11.89,11.33,64037,222213074.0,4.86,2.26,0.26,2.52
2022-01-17,002837,11.72,12.53,12.75,11.66,91416,333154336.0,9.25,6.37,0.75,3.59
2022-01-18,002837,12.67,13.17,13.44,12.34,96281,374056560.0,8.78,5.11,0.64,3.79
2022-01-19,002837,13.38,13.03,13.38,12.66,57658,220628874.0,5.47,-1.06,-0.14,2.27
2022-01-20,002837,13.02,12.48,13.22,12.43,45935,170989667.0,6.06,-4.22,-0.55,1.81
2022-01-21,002837,12.36,12.19,12.87,12.15,43190,158614680.0,5.77,-2.32,-0.29,1.7
2022-01-24,002837,12.32,12.63,12.85,12.19,39867,148370360.0,5.41,3.61,0.44,1.57
2022-01-25,002837,12.56,11.96,12.8,11.94,33103,120695097.0,6.81,-5.3,-0.67,1.29
2022-01-26,002837,12.01,12.35,12.57,12.01,46620,169976367.0,4.68,3.26,0.39,1.81
2022-01-27,002837,12.39,11.45,12.45,11.4,63852,221461233.0,8.5,-7.29,-0.9,2.49
2022-01-28,002837,11.68,11.02,11.76,10.92,42786,142038416.0,7.34,-3.76,-0.43,1.67
2022-02-07,002837,11.15,10.85,11.38,10.78,43951,143187918.0,5.44,-1.54,-0.17,1.71
2022-02-08,002837,10.83,10.73,10.83,10.41,45835,144507479.0,3.87,-1.11,-0.12,1.78
2022-02-09,002837,10.68,10.88,10.91,10.31,42856,135873756.0,5.59,1.4,0.15,1.67
2022-02-10,002837,10.88,10.57,10.89,10.4,36669,115270121.0,4.5,-2.85,-0.31,1.43
2022-02-11,002837,10.53,10.18,10.59,10.12,29099,89119091.0,4.45,-3.69,-0.39,1.13
2022-02-14,002837,10.04,10.08,10.48,9.97,46988,142478964.0,5.01,-0.98,-0.1,1.83
2022-02-15,002837,10.09,10.45,10.5,9.77,60333,182334158.0,7.24,3.67,0.37,2.35
2022-02-16,002837,10.56,10.67,11.45,10.25,93821,301209728.0,11.48,2.11,0.22,3.65
2022-02-17,002837,10.81,11.48,11.78,10.67,147401,495347696.0,10.4,7.59,0.81,5.74
2022-02-18,002837,12.19,12.04,12.67,11.84,190401,687203904.0,7.23,4.88,0.56,7.41
2022-02-21,002837,12.92,13.28,13.28,12.65,221352,856187696.0,5.23,10.3,1.24,8.62
2022-02-22,002837,13.23,13.89,14.46,12.65,283420,1124223328.0,13.63,4.59,0.61,11.03
2022-02-23,002837,13.27,13.58,14.46,12.89,208549,830261600.0,11.3,-2.23,-0.31,8.12
2022-02-24,002837,13.26,12.55,13.35,12.2,181878,684287472.0,8.47,-7.58,-1.03,7.08
2022-02-25,002837,12.58,12.49,12.87,12.39,94785,352426000.0,3.82,-0.48,-0.06,3.69
2022-02-28,002837,12.3,12.74,12.88,12.18,106550,395151392.0,5.6,2.0,0.25,4.15
2022-03-01,002837,12.8,13.09,13.3,12.6,112309,431773792.0,5.49,2.75,0.35,4.37
2022-03-02,002837,12.88,12.64,13.02,12.41,79413,296078576.0,4.66,-3.44,-0.45,3.09
2022-03-03,002837,12.66,12.24,12.71,12.18,68649,249653351.0,4.19,-3.16,-0.4,2.67
2022-03-04,002837,12.01,12.06,12.42,11.91,53839,193340530.0,4.17,-1.47,-0.18,2.1
2022-03-07,002837,11.84,11.45,12.0,11.27,68863,235274622.0,6.05,-5.06,-0.61,2.68
2022-03-08,002837,11.52,11.06,11.81,11.04,70176,237537580.0,6.72,-3.41,-0.39,2.73
2022-03-09,002837,11.08,11.25,11.41,10.66,67487,222822228.0,6.78,1.72,0.19,2.63
2022-03-10,002837,11.8,11.64,12.03,11.63,82906,289192272.0,3.56,3.47,0.39,3.23
2022-03-11,002837,11.43,11.26,11.73,10.99,60132,200789305.0,6.36,-3.26,-0.38,2.34
2022-03-14,002837,11.07,10.64,11.13,10.64,57728,185189486.0,4.35,-5.51,-0.62,2.25
2022-03-15,002837,10.64,10.55,11.09,10.36,66978,213540497.0,6.86,-0.85,-0.09,2.61
2022-03-16,002837,10.78,11.64,11.64,10.66,92032,308753824.0,9.29,10.33,1.09,3.58
2022-03-17,002837,12.06,12.85,12.85,11.8,115402,425394384.0,9.02,10.4,1.21,4.49
2022-03-18,002837,12.72,12.43,12.73,12.2,118372,434514800.0,4.12,-3.27,-0.42,4.61
2022-03-21,002837,12.38,12.75,12.81,12.23,106078,393760528.0,4.67,2.57,0.32,4.13
2022-03-22,002837,13.06,13.05,14.07,12.71,154159,604636048.0,10.67,2.35,0.3,6.0
2022-03-23,002837,12.77,12.5,13.13,12.5,96106,360526544.0,4.83,-4.21,-0.55,3.74
2022-03-24,002837,12.47,12.63,12.86,12.22,81193,300098048.0,5.12,1.04,0.13,3.16
2022-03-25,002837,12.46,11.99,12.53,11.99,60488,217581776.0,4.28,-5.07,-0.64,2.35
2022-03-28,002837,11.63,12.07,12.27,11.49,55323,197122486.0,6.51,0.67,0.08,2.15
2022-03-29,002837,12.22,12.14,12.29,11.89,38679,138794530.0,3.31,0.58,0.07,1.51
2022-03-30,002837,12.25,12.47,12.59,12.08,50757,186461437.0,4.2,2.72,0.33,1.98
2022-03-31,002837,12.36,11.96,12.4,11.75,50387,179041602.0,5.21,-4.09,-0.51,1.96
2022-04-01,002837,11.91,11.83,12.15,11.54,38257,133828273.0,5.1,-1.09,-0.13,1.49
2022-04-06,002837,11.84,11.36,11.94,11.22,40905,137959208.0,6.09,-3.97,-0.47,1.59
2022-04-07,002837,11.36,10.9,11.36,10.9,32815,107789339.0,4.05,-4.05,-0.46,1.28
2022-04-08,002837,10.9,11.01,11.18,10.79,40461,131742554.0,3.58,1.01,0.11,1.57
2022-04-11,002837,11.02,10.59,11.06,10.39,48407,152150470.0,6.09,-3.81,-0.42,1.88
2022-04-12,002837,10.68,10.36,10.71,10.11,44807,137551844.0,5.67,-2.17,-0.23,1.74
2022-04-13,002837,10.36,9.85,10.36,9.84,36287,107980679.0,5.02,-4.92,-0.51,1.41
2022-04-14,002837,9.91,9.95,10.08,9.65,45816,134546617.0,4.37,1.02,0.1,1.78
2022-04-15,002837,9.81,9.45,9.81,9.09,69984,195807800.0,7.24,-5.03,-0.5,2.72
2022-04-18,002837,9.33,9.75,9.81,8.99,55471,156970860.0,8.68,3.17,0.3,2.16
2022-04-19,002837,9.59,9.91,10.14,9.59,60323,179241638.0,5.64,1.64,0.16,2.35
2022-04-20,002837,9.97,9.4,10.08,9.35,36631,104534817.0,7.37,-5.15,-0.51,1.43
2022-04-21,002837,9.45,8.99,9.47,8.96,38462,105234011.0,5.43,-4.36,-0.41,1.5
2022-04-22,002837,8.92,8.53,8.96,8.49,54810,141989920.0,5.23,-5.12,-0.46,2.11
2022-04-25,002837,8.38,7.63,8.42,7.63,73313,174525274.0,9.26,-10.55,-0.9,2.7
2022-04-26,002837,7.03,6.83,7.24,6.83,112047,234942705.0,5.37,-10.48,-0.8,4.12
2022-04-27,002837,6.51,6.69,6.78,6.23,199071,397003488.0,8.05,-2.05,-0.14,7.32
2022-04-28,002837,6.68,6.66,6.98,6.46,115099,233978317.0,7.77,-0.45,-0.03,4.23
2022-04-29,002837,6.73,7.03,7.15,6.52,108645,226732385.0,9.46,5.56,0.37,3.99
2022-05-05,002837,7.1,7.34,7.48,7.03,80194,177081607.0,6.4,4.41,0.31,2.95
2022-05-06,002837,7.04,7.2,7.44,6.97,63456,137442446.0,6.4,-1.91,-0.14,2.33
2022-05-09,002837,7.22,7.18,7.34,7.06,54744,119076671.0,3.89,-0.28,-0.02,2.01
2022-05-10,002837,6.93,7.6,7.75,6.86,100452,227502833.0,12.4,5.85,0.42,3.69
2022-05-11,002837,7.6,8.23,8.41,7.5,151152,373065840.0,11.97,8.29,0.63,5.56
2022-05-12,002837,7.95,8.21,8.38,7.88,124363,302161056.0,6.08,-0.24,-0.02,4.57
2022-05-13,002837,8.17,8.25,8.51,8.1,66760,165900301.0,4.99,0.49,0.04,2.45
2022-05-16,002837,8.36,8.25,8.55,8.16,65326,162214915.0,4.73,0.0,0.0,2.4
2022-05-17,002837,8.3,8.72,8.75,8.21,88098,226264791.0,6.55,5.7,0.47,3.24
2022-05-18,002837,8.88,8.89,9.09,8.72,89429,238432427.0,4.24,1.95,0.17,3.29
2022-05-19,002837,8.7,9.23,9.33,8.61,99729,271757376.0,8.1,3.82,0.34,3.67
2022-05-20,002837,9.27,9.01,9.37,8.88,81715,220428131.0,5.31,-2.38,-0.22,3.0
2022-05-23,002837,8.98,8.93,8.98,8.68,72167,189953097.0,3.33,-0.89,-0.08,2.65
2022-05-24,002837,8.93,8.45,9.13,8.42,68208,179579863.0,7.95,-5.38,-0.48,2.51
2022-05-25,002837,8.54,9.34,9.34,8.53,179984,491102624.0,9.59,10.53,0.89,6.62
2022-05-26,002837,9.12,8.93,9.29,8.86,120730,325883648.0,4.6,-4.39,-0.41,4.44
2022-05-27,002837,8.93,8.96,9.18,8.86,69575,187115954.0,3.58,0.34,0.03,2.56
2022-05-30,002837,9.02,9.37,9.56,8.72,94928,260162443.0,9.38,4.58,0.41,3.49
2022-05-31,002837,9.71,9.47,9.71,9.0,138122,295228800.0,7.58,1.07,0.1,3.91
2022-06-01,002837,9.47,10.09,10.27,9.31,136561,308683968.0,10.14,6.55,0.62,3.86
2022-06-02,002837,10.01,10.52,10.67,9.93,105294,247162817.0,7.33,4.26,0.43,2.98
2022-06-06,002837,10.49,10.6,10.8,10.34,127921,305585520.0,4.37,0.76,0.08,3.62
2022-06-07,002837,10.7,10.34,10.79,10.16,98622,233542432.0,5.94,-2.45,-0.26,2.79
2022-06-08,002837,10.43,10.18,10.61,9.96,91661,213521135.0,6.29,-1.55,-0.16,2.59
2022-06-09,002837,10.18,9.71,10.21,9.63,92920,207868210.0,5.7,-4.62,-0.47,2.63
2022-06-10,002837,9.84,10.08,10.16,9.63,87109,196679219.0,5.46,3.81,0.37,2.46
2022-06-13,002837,10.01,10.1,10.34,9.93,69368,159705455.0,4.07,0.2,0.02,1.96
2022-06-14,002837,10.01,10.0,10.21,9.74,58697,132475244.0,4.65,-0.99,-0.1,1.66
2022-06-15,002837,10.02,9.75,10.15,9.74,61795,138586334.0,4.1,-2.5,-0.25,1.75
2022-06-16,002837,9.68,9.76,10.09,9.65,73017,163595460.0,4.51,0.1,0.01,2.06
2022-06-17,002837,9.65,9.88,10.28,9.58,109889,249787822.0,7.17,1.23,0.12,3.11
2022-06-20,002837,10.09,10.91,10.91,10.09,127879,308823424.0,8.3,10.43,1.03,3.62
2022-06-21,002837,11.11,10.37,11.22,10.23,196144,473815328.0,9.07,-4.95,-0.54,5.55
2022-06-22,002837,10.22,10.0,10.62,9.96,134153,311687856.0,6.36,-3.57,-0.37,3.79
2022-06-23,002837,9.97,10.54,10.67,9.76,166782,390883648.0,9.1,5.4,0.54,4.72
2022-06-24,002837,10.52,10.93,11.22,10.52,152080,378379936.0,6.64,3.7,0.39,4.3
2022-06-27,002837,11.02,11.37,11.39,10.93,136631,347961792.0,4.21,4.03,0.44,3.86
2022-06-28,002837,11.33,11.67,11.76,11.03,123728,319739936.0,6.42,2.64,0.3,3.5
2022-06-29,002837,11.57,10.74,11.58,10.66,109871,274890160.0,7.88,-7.97,-0.93,3.11
2022-06-30,002837,10.74,10.9,11.07,10.67,74794,184985486.0,3.72,1.49,0.16,2.11
2022-07-01,002837,11.01,10.84,11.01,10.57,65277,158930329.0,4.04,-0.55,-0.06,1.84
2022-07-04,002837,10.74,11.51,11.6,10.6,111003,284107296.0,9.23,6.18,0.67,3.13
2022-07-05,002837,11.44,10.88,11.59,10.61,133822,332662128.0,8.51,-5.47,-0.63,3.77
2022-07-06,002837,10.88,10.82,11.04,10.67,80769,198750193.0,3.4,-0.55,-0.06,2.28
2022-07-07,002837,10.91,11.94,11.94,10.49,202792,530564896.0,13.4,10.35,1.12,5.72
2022-07-08,002837,12.5,10.95,12.52,10.84,276138,716418864.0,14.07,-8.29,-0.99,7.79
2022-07-11,002837,10.83,10.63,10.92,10.38,142056,340594048.0,4.93,-2.92,-0.32,4.01
2022-07-12,002837,10.11,10.41,10.71,9.88,124438,292487802.01,7.81,-2.07,-0.22,3.51
2022-07-13,002837,10.41,11.18,11.38,10.34,162677,408462857.58,9.99,7.4,0.77,4.59
2022-07-14,002837,11.18,12.14,12.33,11.08,242525,662273927.23,11.18,8.59,0.96,6.84
2022-07-15,002837,11.99,12.22,12.47,11.75,228642,630938793.26,5.93,0.66,0.08,6.45
2022-07-18,002837,12.25,13.25,13.43,12.24,230380,673885912.04,9.74,8.43,1.03,6.5
2022-07-19,002837,13.04,13.64,13.98,12.98,181544,558339683.29,7.55,2.94,0.39,5.12
2022-07-20,002837,13.57,13.41,13.61,12.92,112448,335999903.06,5.06,-1.69,-0.23,3.17
2022-07-21,002837,13.23,13.27,13.55,13.01,66044,198581665.05,4.03,-1.04,-0.14,1.86
2022-07-22,002837,13.27,12.6,13.35,12.42,120800,348039142.27,7.01,-5.05,-0.67,3.41
2022-07-25,002837,12.61,12.29,13.09,11.93,84771,240724009.77,9.21,-2.46,-0.31,2.39
2022-07-26,002837,12.29,12.41,12.75,11.95,82433,231465619.18,6.51,0.98,0.12,2.32
2022-07-27,002837,12.6,13.55,13.65,12.16,156903,462894542.84,12.01,9.19,1.14,4.42
2022-07-28,002837,13.54,13.79,13.97,13.39,133836,412403261.75,4.28,1.77,0.24,3.77
2022-07-29,002837,13.65,13.89,14.49,13.65,115938,368960764.54,6.09,0.73,0.1,3.27
2022-08-01,002837,13.73,14.12,14.31,13.45,88941,278525286.13,6.19,1.66,0.23,2.51
2022-08-02,002837,13.61,14.12,14.23,13.52,85526,268179995.67,5.03,0.0,0.0,2.41
2022-08-03,002837,14.07,13.66,14.25,13.21,102177,314424456.53,7.37,-3.26,-0.46,2.88
2022-08-04,002837,13.61,13.69,14.11,13.32,64147,198005416.25,5.78,0.22,0.03,1.81
2022-08-05,002837,13.61,13.18,13.98,13.0,69170,207754089.03,7.16,-3.73,-0.51,1.95
2022-08-08,002837,13.21,14.16,14.26,13.01,103081,320426360.0,9.48,7.44,0.98,2.91
2022-08-09,002837,13.84,14.28,14.84,13.84,110337,361107238.66,7.06,0.85,0.12,3.11
2022-08-10,002837,14.44,14.3,14.55,13.66,89185,282691066.47,6.23,0.14,0.02,2.52
2022-08-11,002837,14.31,13.89,14.46,13.84,76546,243005916.7,4.34,-2.87,-0.41,2.16
2022-08-12,002837,13.84,13.49,14.07,13.31,75265,231012546.02,5.47,-2.88,-0.4,2.12
2022-08-15,002837,13.63,14.3,14.48,13.39,90903,289312467.19,8.08,6.0,0.81,2.56
2022-08-16,002837,14.28,14.34,14.67,14.19,57468,186395286.53,3.36,0.28,0.04,1.62
2022-08-17,002837,14.29,14.34,14.8,13.98,86071,280373371.49,5.72,0.0,0.0,2.43
2022-08-18,002837,14.44,15.8,15.81,14.22,183029,629034233.17,11.09,10.18,1.46,5.16
2022-08-19,002837,15.66,14.65,15.75,14.39,140104,468678174.09,8.61,-7.28,-1.15,3.95
2022-08-22,002837,14.43,14.78,15.19,14.21,80703,268381299.49,6.69,0.89,0.13,2.28
2022-08-23,002837,14.94,16.3,16.3,14.82,192537,696108497.37,10.01,10.28,1.52,5.43
2022-08-24,002837,16.45,16.48,17.7,16.17,225647,849402360.98,9.39,1.1,0.18,6.36
2022-08-25,002837,16.53,15.4,16.63,15.29,126766,449061307.29,8.13,-6.55,-1.08,3.57
2022-08-26,002837,15.59,15.67,16.39,15.37,99713,356552554.72,6.62,1.75,0.27,2.81
2022-08-29,002837,15.12,15.62,15.88,15.07,85202,296912791.86,5.17,-0.32,-0.05,2.4
2022-08-30,002837,15.57,14.67,15.58,14.51,99842,334484880.85,6.85,-6.08,-0.95,2.82
2022-08-31,002837,14.62,13.17,14.72,13.17,139464,424903534.7,10.57,-10.22,-1.5,3.93
2022-09-01,002837,13.3,13.42,13.52,12.75,159267,470329167.21,5.85,1.9,0.25,4.49
2022-09-02,002837,13.42,13.61,13.75,12.97,65494,198199875.53,5.81,1.42,0.19,1.85
2022-09-05,002837,13.75,14.02,14.43,13.51,116251,364863668.49,6.76,3.01,0.41,3.28
2022-09-06,002837,13.98,14.2,14.76,13.61,104170,334618654.85,8.2,1.28,0.18,2.94
2022-09-07,002837,14.06,14.26,14.73,13.94,72144,232708454.88,5.56,0.42,0.06,2.03
2022-09-08,002837,14.42,13.82,14.42,13.72,67890,213666749.04,4.91,-3.09,-0.44,1.91
2022-09-09,002837,13.92,13.54,14.01,13.03,83201,250405392.07,7.09,-2.03,-0.28,2.35
2022-09-13,002837,13.54,13.27,13.57,13.07,62643,187219777.99,3.69,-1.99,-0.27,1.77
2022-09-14,002837,12.97,13.02,13.45,12.75,52405,153700020.54,5.28,-1.88,-0.25,1.48
2022-09-15,002837,13.04,12.15,13.14,11.91,81720,227297472.63,9.45,-6.68,-0.87,2.3
2022-09-16,002837,11.94,12.06,12.41,11.89,62634,172047298.52,4.28,-0.74,-0.09,1.77
2022-09-19,002837,12.08,11.94,12.59,11.79,65732,180686235.08,6.63,-1.0,-0.12,1.85
2022-09-20,002837,11.99,12.25,12.48,11.99,61945,171794719.36,4.1,2.6,0.31,1.75
2022-09-21,002837,12.16,11.7,12.25,11.68,65642,176585706.57,4.65,-4.49,-0.55,1.85
2022-09-22,002837,11.66,12.66,12.8,11.37,137090,383731997.37,12.22,8.21,0.96,3.87
2022-09-23,002837,12.38,12.24,13.05,12.07,84840,238624751.31,7.74,-3.32,-0.42,2.39
2022-09-26,002837,12.18,13.51,13.51,12.18,132334,398124539.55,10.87,10.38,1.27,3.73
2022-09-27,002837,13.75,13.89,13.89,13.31,218047,670264831.49,4.29,2.81,0.38,6.15
2022-09-28,002837,13.84,13.66,13.94,13.3,98770,302696276.34,4.61,-1.66,-0.23,2.79
2022-09-29,002837,13.75,14.22,14.55,13.07,147587,465258918.57,10.83,4.1,0.56,4.16
2022-09-30,002837,13.98,14.22,14.76,13.98,122572,397346461.92,5.49,0.0,0.0,3.46
2022-10-10,002837,14.12,13.77,14.51,13.63,69271,217291017.5,6.19,-3.16,-0.45,1.95
2022-10-11,002837,13.86,14.85,15.06,13.8,125590,412453995.34,9.15,7.84,1.08,3.54
2022-10-12,002837,14.82,16.37,16.37,14.38,145680,502275002.41,13.4,10.24,1.52,4.11
2022-10-13,002837,15.99,16.2,17.21,15.8,158987,588518673.67,8.61,-1.04,-0.17,4.48
2022-10-14,002837,16.51,16.38,16.83,15.89,109530,402280005.32,5.8,1.11,0.18,3.09
2022-10-17,002837,16.48,16.09,16.57,15.85,78016,282802926.53,4.4,-1.77,-0.29,2.2
2022-10-18,002837,16.25,16.86,17.73,16.15,168793,646255316.93,9.82,4.79,0.77,4.76
2022-10-19,002837,16.61,16.41,17.54,16.16,141394,532736960.46,8.19,-2.67,-0.45,3.99
2022-10-20,002837,16.3,15.85,16.42,15.72,103884,373736639.15,4.27,-3.41,-0.56,2.93
2022-10-21,002837,15.89,16.07,16.47,15.45,94529,343003994.9,6.44,1.39,0.22,2.67
2022-10-24,002837,16.16,16.62,17.03,15.57,119832,445356652.35,9.09,3.42,0.55,3.38
2022-10-25,002837,16.25,16.14,16.86,16.03,111567,409639708.4,4.99,-2.89,-0.48,3.15
2022-10-26,002837,16.21,17.21,17.53,15.87,156540,598453368.03,10.29,6.63,1.07,4.41
2022-10-27,002837,17.19,16.2,17.48,16.11,132036,494414352.17,7.96,-5.87,-1.01,3.72
2022-10-28,002837,15.91,15.0,16.33,14.89,160200,556455433.08,8.89,-7.41,-1.2,4.52
2022-10-31,002837,14.84,15.09,15.34,14.66,82957,279972931.57,4.53,0.6,0.09,2.34
2022-11-01,002837,15.09,15.59,16.25,15.03,140265,497169557.86,8.08,3.31,0.5,3.96
2022-11-02,002837,15.46,15.54,15.71,14.8,128059,441441187.28,5.84,-0.32,-0.05,3.61
2022-11-03,002837,15.26,15.64,16.0,15.12,95825,338282045.42,5.66,0.64,0.1,2.7
2022-11-04,002837,15.64,15.68,16.27,15.57,137162,488399849.86,4.48,0.26,0.04,3.87
2022-11-07,002837,15.67,14.98,15.75,14.71,133709,453191901.64,6.63,-4.46,-0.7,3.77
2022-11-08,002837,14.89,15.03,15.03,14.37,111327,369973963.82,4.41,0.33,0.05,3.14
2022-11-09,002837,14.91,15.05,15.64,14.55,105221,359559781.84,7.25,0.13,0.02,2.97
2022-11-10,002837,14.89,14.79,15.39,14.76,72236,243895741.5,4.19,-1.73,-0.26,2.04
2022-11-11,002837,15.25,14.66,15.64,14.43,117152,393006549.04,8.18,-0.88,-0.13,3.3
2022-11-14,002837,14.43,14.14,14.7,14.04,108646,349897846.39,4.5,-3.55,-0.52,3.06
2022-11-15,002837,14.18,14.4,14.64,13.98,68858,223358831.67,4.67,1.84,0.26,1.94
2022-11-16,002837,14.4,14.24,14.59,14.1,47703,153368408.06,3.4,-1.11,-0.16,1.35
2022-11-17,002837,14.11,13.81,14.11,13.53,79182,244799384.43,4.07,-3.02,-0.43,2.23
2022-11-18,002837,13.81,13.98,14.32,13.59,76623,241900204.39,5.29,1.23,0.17,2.16
2022-11-21,002837,13.93,14.77,14.88,13.72,135278,443200427.17,8.3,5.65,0.79,3.81
2022-11-22,002837,14.77,14.34,14.89,14.26,60075,195209750.4,4.27,-2.91,-0.43,1.69
2022-11-23,002837,14.21,15.32,15.36,13.66,163098,537315660.48,11.85,6.83,0.98,4.6
2022-11-24,002837,15.14,15.41,15.8,15.04,136714,473529877.54,4.96,0.59,0.09,3.86
2022-11-25,002837,15.45,14.78,15.61,14.73,75860,255383113.67,5.71,-4.09,-0.63,2.14
2022-11-28,002837,14.4,14.69,15.52,14.4,95567,323386625.62,7.58,-0.61,-0.09,2.7
2022-11-29,002837,14.62,14.41,14.86,14.29,82063,266809525.0,3.88,-1.91,-0.28,2.31
2022-11-30,002837,14.29,14.31,14.66,14.07,65262,210390363.36,4.09,-0.69,-0.1,1.84
2022-12-01,002837,14.43,14.43,14.75,14.1,81417,265345060.56,4.54,0.84,0.12,2.3
2022-12-02,002837,14.56,15.19,15.57,14.41,148700,506377859.33,8.04,5.27,0.76,4.19
2022-12-05,002837,15.35,14.96,15.44,14.67,87064,293669476.32,5.07,-1.51,-0.23,2.46
2022-12-06,002837,14.75,14.88,15.21,14.33,86296,286588792.23,5.88,-0.53,-0.08,2.43
2022-12-07,002837,14.71,14.65,14.93,14.53,61659,203416320.42,2.69,-1.55,-0.23,1.74
2022-12-08,002837,14.53,14.75,15.25,14.32,99105,330540499.81,6.35,0.68,0.1,2.79
2022-12-09,002837,14.65,14.47,15.04,14.39,73197,240449675.16,4.41,-1.9,-0.28,2.06
2022-12-12,002837,14.53,14.26,14.55,13.89,59861,191182925.45,4.56,-1.45,-0.21,1.69
2022-12-13,002837,14.53,13.7,14.58,13.69,77097,243523790.59,6.24,-3.93,-0.56,2.17
2022-12-14,002837,13.61,13.8,13.82,13.55,52937,163296878.23,1.97,0.73,0.1,1.49
2022-12-15,002837,13.79,14.0,14.34,13.64,61635,194347374.94,5.07,1.45,0.2,1.74
2022-12-16,002837,13.85,13.02,13.97,12.93,94971,284551590.16,7.43,-7.0,-0.98,2.68
2022-12-19,002837,13.04,13.2,13.24,12.91,62046,183100323.07,2.53,1.38,0.18,1.75
2022-12-20,002837,13.21,13.45,13.64,13.07,58977,178939753.83,4.32,1.89,0.25,1.66
2022-12-21,002837,13.45,13.1,13.51,12.99,45645,135245266.8,3.87,-2.6,-0.35,1.29
2022-12-22,002837,13.46,13.12,13.52,13.0,57549,173234296.93,3.97,0.15,0.02,1.62
2022-12-23,002837,12.84,12.55,13.1,12.22,77323,218648894.58,6.71,-4.34,-0.57,2.18
2022-12-26,002837,12.66,13.72,13.83,12.54,102604,311182781.8,10.28,9.32,1.17,2.89
2022-12-27,002837,13.72,14.42,14.52,13.72,125938,404693449.66,5.83,5.1,0.7,3.55
2022-12-28,002837,14.42,14.89,15.03,14.21,101798,337803410.2,5.69,3.26,0.47,2.87
2022-12-29,002837,14.92,14.81,15.03,14.66,52790,176406831.91,2.48,-0.54,-0.08,1.49
2022-12-30,002837,14.79,14.8,15.15,14.62,44803,150261657.04,3.58,-0.07,-0.01,1.26
2023-01-03,002837,14.79,15.54,15.75,14.57,82163,282538586.34,7.97,5.0,0.74,2.33
2023-01-04,002837,15.47,15.52,15.94,15.3,77119,271054053.68,4.12,-0.13,-0.02,2.18
2023-01-05,002837,15.52,15.79,16.0,15.3,60467,213935035.33,4.51,1.74,0.27,1.71
2023-01-06,002837,15.72,16.07,16.34,15.66,82644,298610833.95,4.31,1.77,0.28,2.34
2023-01-09,002837,16.06,15.9,16.35,15.8,90111,325281208.23,3.42,-1.06,-0.17,2.55
2023-01-10,002837,15.9,16.06,16.49,15.82,63166,229224678.02,4.21,1.01,0.16,1.79
2023-01-11,002837,16.06,15.85,16.2,15.73,63281,226792649.18,2.93,-1.31,-0.21,1.79
2023-01-12,002837,15.97,16.05,16.4,15.93,45144,163899050.12,2.97,1.26,0.2,1.28
2023-01-13,002837,16.21,15.82,16.27,15.66,42065,149767079.96,3.8,-1.43,-0.23,1.19
2023-01-16,002837,15.83,15.87,16.1,15.75,43642,155715355.18,2.21,0.32,0.05,1.24
2023-01-17,002837,15.96,15.83,16.66,15.78,69196,250866945.04,5.55,-0.25,-0.04,1.96
2023-01-18,002837,15.83,15.64,16.02,15.48,39075,137371519.78,3.41,-1.2,-0.19,1.11
2023-01-19,002837,15.71,15.35,15.77,15.34,43514,151223792.87,2.75,-1.85,-0.29,1.23
2023-01-20,002837,15.56,15.81,16.07,15.36,50017,176984319.03,4.63,3.0,0.46,1.42
2023-01-30,002837,16.12,15.52,16.33,15.48,57772,205576267.19,5.38,-1.83,-0.29,1.64
2023-01-31,002837,15.52,15.91,16.16,15.44,47335,169219158.44,4.64,2.51,0.39,1.34
2023-02-01,002837,15.9,15.64,15.94,15.39,59904,209321799.11,3.46,-1.7,-0.27,1.7
2023-02-02,002837,15.62,15.75,16.05,15.46,75262,266655064.13,3.77,0.7,0.11,2.13
2023-02-03,002837,15.78,15.82,16.14,15.52,61151,216689945.15,3.94,0.44,0.07,1.73
2023-02-06,002837,15.88,15.6,16.37,15.42,66171,235133074.0,6.01,-1.39,-0.22,1.87
2023-02-07,002837,15.67,15.34,15.97,15.12,69097,239361431.71,5.45,-1.67,-0.26,1.96
2023-02-08,002837,15.45,15.24,15.73,15.14,51782,178683169.29,3.85,-0.65,-0.1,1.47
2023-02-09,002837,15.16,15.93,16.11,14.83,108303,381549212.72,8.4,4.53,0.69,3.07
2023-02-10,002837,16.0,15.55,16.01,15.4,57934,202733955.66,3.83,-2.39,-0.38,1.64
2023-02-13,002837,15.5,16.18,16.66,15.47,99134,360564643.56,7.65,4.05,0.63,2.81
2023-02-14,002837,16.25,15.81,16.31,15.59,71664,253855987.86,4.45,-2.29,-0.37,2.03
2023-02-15,002837,15.71,16.14,16.14,15.55,91324,326160107.21,3.73,2.09,0.33,2.59
2023-02-16,002837,16.75,15.34,17.78,15.24,156606,552986449.97,15.74,-4.96,-0.8,4.43
2023-02-17,002837,15.12,14.09,15.15,14.06,152137,492719872.76,7.11,-8.15,-1.25,4.31
2023-02-20,002837,14.1,15.05,15.17,13.96,107281,353852441.15,8.59,6.81,0.96,3.04
2023-02-21,002837,15.05,14.64,15.06,14.53,65004,214638122.38,3.52,-2.72,-0.41,1.84
2023-02-22,002837,14.43,14.6,14.95,14.41,49068,162103672.28,3.69,-0.27,-0.04,1.39
2023-02-23,002837,14.47,14.57,14.83,14.43,63028,207001996.35,2.74,-0.21,-0.03,1.78
2023-02-24,002837,14.65,14.36,14.71,14.24,50860,164667439.13,3.23,-1.44,-0.21,1.44
2023-02-27,002837,14.22,14.55,14.73,14.15,52652,172547194.81,4.04,1.32,0.19,1.49
2023-02-28,002837,14.7,14.66,14.96,14.48,42848,141620683.4,3.3,0.76,0.11,1.21
2023-03-01,002837,14.66,14.81,14.88,14.43,40683,134655669.06,3.07,1.02,0.15,1.15
2023-03-02,002837,14.71,14.41,14.85,14.34,47137,154166854.0,3.44,-2.7,-0.4,1.33
2023-03-03,002837,14.3,14.23,14.5,14.14,41771,134179072.02,2.5,-1.25,-0.18,1.18
2023-03-06,002837,14.17,14.26,14.31,13.72,67403,212802732.05,4.15,0.21,0.03,1.91
2023-03-07,002837,14.16,13.74,14.26,13.73,67829,213093373.14,3.72,-3.65,-0.52,1.92
2023-03-08,002837,13.88,13.75,14.21,13.57,69202,216234908.36,4.66,0.07,0.01,1.96
2023-03-09,002837,13.75,13.56,13.82,13.45,62156,190223069.61,2.69,-1.38,-0.19,1.76
2023-03-10,002837,13.55,13.43,13.59,13.37,53297,161694309.68,1.62,-0.96,-0.13,1.51
2023-03-13,002837,13.36,13.39,13.65,13.25,65060,196644538.7,2.98,-0.3,-0.04,1.84
2023-03-14,002837,13.29,12.98,13.36,12.72,80814,236395301.56,4.78,-3.06,-0.41,2.29
2023-03-15,002837,13.1,12.92,13.18,12.84,48973,143550505.48,2.62,-0.46,-0.06,1.39
2023-03-16,002837,12.8,12.56,12.84,12.44,51922,148127773.03,3.1,-2.79,-0.36,1.47
2023-03-17,002837,12.67,12.4,12.7,12.4,66042,186573004.68,2.39,-1.27,-0.16,1.87
2023-03-20,002837,12.4,12.73,12.84,11.98,114588,324267970.74,6.94,2.66,0.33,3.24
2023-03-21,002837,12.82,12.88,13.01,12.57,77879,224508691.12,3.46,1.18,0.15,2.2
2023-03-22,002837,12.88,13.76,13.89,12.84,162502,491485559.29,8.15,6.83,0.88,4.6
2023-03-23,002837,13.82,14.42,14.73,13.71,190964,617398759.2,7.41,4.8,0.66,5.41
2023-03-24,002837,14.25,14.48,14.75,14.12,126123,411112618.08,4.37,0.42,0.06,3.57
2023-03-27,002837,14.49,14.95,15.16,14.49,135719,455912690.79,4.63,3.25,0.47,3.84
2023-03-28,002837,15.12,14.71,15.28,14.66,103644,348059156.04,4.15,-1.61,-0.24,2.93
2023-03-29,002837,14.66,14.8,15.09,14.62,70458,235992482.45,3.2,0.61,0.09,1.99
2023-03-30,002837,14.67,14.72,14.87,14.57,49917,165191968.54,2.03,-0.54,-0.08,1.41
2023-03-31,002837,14.75,14.58,14.75,14.43,55659,182515885.9,2.17,-0.95,-0.14,1.58
2023-04-03,002837,14.51,14.66,14.75,14.3,56763,185771818.89,3.09,0.55,0.08,1.61
2023-04-04,002837,14.75,14.06,14.8,13.95,88516,282793446.33,5.8,-4.09,-0.6,2.51
2023-04-06,002837,14.14,15.5,15.5,14.12,151919,512626574.75,9.82,10.24,1.44,4.3
2023-04-07,002837,15.57,15.31,15.71,15.16,114234,393731932.08,3.55,-1.23,-0.19,3.23
2023-04-10,002837,15.8,15.5,16.61,15.37,148703,532714412.31,8.1,1.24,0.19,4.21
2023-04-11,002837,16.16,16.21,16.49,15.8,180951,657859288.23,4.45,4.58,0.71,5.12
2023-04-12,002837,16.25,17.87,17.87,16.19,239068,929170648.32,10.36,10.24,1.66,6.77
2023-04-13,002837,18.08,18.93,19.36,18.08,288944,1224258170.31,7.16,5.93,1.06,8.18
2023-04-14,002837,18.76,18.61,19.41,18.48,187296,791043207.22,4.91,-1.69,-0.32,5.3
2023-04-17,002837,19.0,18.36,19.11,18.15,141615,587606781.68,5.16,-1.34,-0.25,4.01
2023-04-18,002837,18.3,18.75,19.16,18.28,147964,620033632.63,4.79,2.12,0.39,4.19
2023-04-19,002837,18.23,18.44,19.37,17.65,324652,1345799323.23,9.17,-1.65,-0.31,9.19
2023-04-20,002837,18.99,19.81,20.32,18.63,269805,1172800120.49,9.16,7.43,1.37,7.64
2023-04-21,002837,19.81,19.18,20.37,18.71,228178,994290246.82,8.38,-3.18,-0.63,6.46
2023-04-24,002837,19.44,18.49,19.83,18.21,213112,892126673.92,8.45,-3.6,-0.69,6.03
2023-04-25,002837,18.34,18.74,19.47,18.09,226885,952034418.49,7.46,1.35,0.25,6.42
2023-04-26,002837,19.21,20.26,20.37,18.71,350801,1544303263.16,8.86,8.11,1.52,9.93
2023-04-27,002837,20.12,18.2,20.12,18.2,217010,900964530.4,9.48,-10.17,-2.06,6.14
2023-04-28,002837,16.48,17.73,18.21,16.34,310554,1206215913.96,10.27,-2.58,-0.47,8.79
2023-05-04,002837,17.27,17.01,17.7,16.62,235053,896003106.84,6.09,-4.06,-0.72,6.65
2023-05-05,002837,16.51,16.84,17.12,15.49,201060,739479572.02,9.58,-1.0,-0.17,5.69
2023-05-08,002837,16.76,16.4,16.85,16.19,136352,502600381.98,3.92,-2.61,-0.44,3.86
2023-05-09,002837,16.21,15.83,16.39,15.79,107661,387781332.47,3.66,-3.48,-0.57,3.05
2023-05-10,002837,15.89,15.85,15.94,15.26,141106,494754252.28,4.3,0.13,0.02,3.99
2023-05-11,002837,15.85,15.35,16.1,15.3,77241,269855481.99,5.05,-3.15,-0.5,2.19
2023-05-12,002837,15.26,14.92,15.3,14.89,61177,207709898.7,2.67,-2.8,-0.43,1.73
2023-05-15,002837,14.92,15.73,15.8,14.91,128069,444449013.81,5.97,5.43,0.81,3.45
2023-05-16,002837,15.73,15.49,16.12,15.47,86989,306341178.24,4.13,-1.53,-0.24,2.35
2023-05-17,002837,15.67,15.59,15.84,15.49,63522,223166450.64,2.26,0.65,0.1,1.71
2023-05-18,002837,15.54,15.99,16.24,15.42,134704,481705373.88,5.26,2.57,0.4,3.63
2023-05-19,002837,16.04,16.5,16.64,15.73,174934,488373909.21,5.69,3.19,0.51,3.63
2023-05-22,002837,16.49,15.83,16.49,15.58,154594,423768388.96,5.52,-4.06,-0.67,3.21
2023-05-23,002837,15.97,15.73,16.2,15.62,79613,216721222.01,3.66,-0.63,-0.1,1.65
2023-05-24,002837,15.51,15.58,15.93,15.47,93985,253057141.27,2.92,-0.95,-0.15,1.95
2023-05-25,002837,16.02,15.78,16.49,15.41,163667,446901893.27,6.93,1.28,0.2,3.39
2023-05-26,002837,15.64,15.29,15.76,15.05,145568,382057297.24,4.5,-3.11,-0.49,3.02
2023-05-29,002837,15.3,15.7,16.07,15.26,164201,443223270.93,5.3,2.68,0.41,3.41
2023-05-30,002837,15.6,16.08,16.14,15.29,183930,498281750.22,5.41,2.42,0.38,3.81
2023-05-31,002837,16.33,16.02,16.36,15.77,132506,364802036.11,3.67,-0.37,-0.06,2.75
2023-06-01,002837,15.98,16.72,16.98,15.78,196619,559476451.65,7.49,4.37,0.7,4.08
2023-06-02,002837,16.69,16.67,16.99,16.34,145113,416809073.75,3.89,-0.3,-0.05,3.01
2023-06-05,002837,16.73,16.25,16.73,16.16,122923,345570136.45,3.42,-2.52,-0.42,2.55
2023-06-06,002837,17.48,17.9,17.9,17.47,182738,559237504.39,2.65,10.15,1.65,3.79
2023-06-07,002837,17.95,18.51,18.81,17.78,493255,1545082563.1,5.75,3.41,0.61,10.23
2023-06-08,002837,17.89,17.22,17.89,16.86,324353,963432091.54,5.56,-6.97,-1.29,6.73
2023-06-09,002837,17.2,17.98,18.07,17.2,276753,839009222.55,5.05,4.41,0.76,5.74
2023-06-12,002837,17.86,17.96,18.28,17.65,196359,605781302.76,3.5,-0.11,-0.02,4.07
2023-06-13,002837,17.92,18.71,18.89,17.63,270647,857729018.07,7.02,4.18,0.75,5.61
2023-06-14,002837,18.76,18.91,19.25,18.24,226039,726323037.12,5.4,1.07,0.2,4.69
2023-06-15,002837,18.83,18.28,18.95,17.98,194889,613901206.36,5.13,-3.33,-0.63,4.04
2023-06-16,002837,18.09,18.34,18.5,17.82,132075,413858635.43,3.72,0.33,0.06,2.74
2023-06-19,002837,18.41,19.43,19.79,18.4,281110,929681068.09,7.58,5.94,1.09,5.83
2023-06-20,002837,19.42,18.97,19.55,18.9,159984,524362964.88,3.35,-2.37,-0.46,3.32
2023-06-21,002837,18.9,18.5,19.37,18.49,131350,423505761.58,4.64,-2.48,-0.47,2.72
2023-06-26,002837,17.75,17.65,18.72,17.48,152112,467608541.52,6.7,-4.59,-0.85,3.15
2023-06-27,002837,17.53,17.84,18.19,17.53,91909,280912191.52,3.74,1.08,0.19,1.91
2023-06-28,002837,17.69,17.44,17.78,16.68,154436,454202666.75,6.17,-2.24,-0.4,3.2
2023-06-29,002837,17.59,17.44,17.76,17.18,71090,212719934.44,3.33,0.0,0.0,1.47
2023-06-30,002837,17.41,17.44,17.55,17.01,89346,265876866.56,3.1,0.0,0.0,1.85
2023-07-03,002837,17.36,17.42,17.59,16.74,131956,390301948.46,4.87,-0.11,-0.02,2.74
2023-07-04,002837,17.38,17.36,17.83,17.12,123117,369605483.6,4.08,-0.34,-0.06,2.55
2023-07-05,002837,17.3,18.02,18.04,17.25,177890,542108898.61,4.55,3.8,0.66,3.69
2023-07-06,002837,17.92,17.91,18.13,17.66,90201,275672636.45,2.61,-0.61,-0.11,1.87
2023-07-07,002837,17.75,17.57,17.86,17.4,58615,176726106.18,2.57,-1.9,-0.34,1.22
2023-07-10,002837,17.57,17.6,17.7,17.3,54337,163206911.21,2.28,0.17,0.03,1.13
2023-07-11,002837,17.66,18.41,18.5,17.55,130645,407620086.21,5.4,4.6,0.81,2.71
2023-07-12,002837,18.5,18.07,18.73,17.98,106896,335235336.58,4.07,-1.85,-0.34,2.22
2023-07-13,002837,18.25,18.91,19.01,18.22,119441,383087762.94,4.37,4.65,0.84,2.48
2023-07-14,002837,18.89,19.01,19.08,18.71,92913,301428749.89,1.96,0.53,0.1,1.93
2023-07-17,002837,19.02,18.64,19.31,18.46,80893,261026098.92,4.47,-1.95,-0.37,1.68
2023-07-18,002837,18.92,18.82,19.01,18.48,78892,253688330.59,2.84,0.97,0.18,1.64
2023-07-19,002837,18.84,18.72,19.05,18.49,76527,245516088.28,2.98,-0.53,-0.1,1.59
2023-07-20,002837,18.66,17.23,18.75,16.95,156259,474344925.16,9.62,-7.96,-1.49,3.24
2023-07-21,002837,17.15,16.57,17.15,16.24,155924,442019188.29,5.28,-3.83,-0.66,3.23
2023-07-24,002837,16.6,16.86,17.04,16.41,70776,204368851.85,3.8,1.75,0.29,1.47
2023-07-25,002837,17.07,17.09,17.29,16.77,73097,213925540.94,3.08,1.36,0.23,1.52
2023-07-26,002837,17.08,16.83,17.18,16.68,38505,111202254.36,2.93,-1.52,-0.26,0.8
2023-07-27,002837,16.72,16.44,16.88,16.43,44156,125922480.45,2.67,-2.32,-0.39,0.92
2023-07-28,002837,16.39,16.59,16.74,16.39,40817,116389553.63,2.13,0.91,0.15,0.85
2023-07-31,002837,17.07,16.52,17.12,16.37,93798,267944320.0,4.52,-0.42,-0.07,1.95
2023-08-01,002837,16.47,16.67,17.05,16.24,75993,216451736.04,4.9,0.91,0.15,1.58
2023-08-02,002837,16.52,16.78,16.88,16.41,42272,121294211.29,2.82,0.66,0.11,0.88
2023-08-03,002837,16.65,17.41,17.54,16.59,113304,335522295.82,5.66,3.75,0.63,2.35
2023-08-04,002837,17.41,17.49,17.66,17.28,56136,168390151.71,2.18,0.46,0.08,1.16
2023-08-07,002837,17.54,17.64,17.88,17.51,53159,161186416.04,2.12,0.86,0.15,1.1
2023-08-08,002837,17.71,17.49,17.73,17.31,42284,126843722.03,2.38,-0.85,-0.15,0.88
2023-08-09,002837,17.32,17.18,17.44,17.12,29316,86678363.61,1.83,-1.77,-0.31,0.61
2023-08-10,002837,17.24,17.66,17.7,17.19,51728,155125985.38,2.97,2.79,0.48,1.07
2023-08-11,002837,17.63,16.78,17.67,16.69,75279,220698347.8,5.55,-4.98,-0.88,1.56
2023-08-14,002837,16.71,16.93,16.97,16.56,32604,93830379.35,2.44,0.89,0.15,0.68
2023-08-15,002837,17.04,17.06,17.34,16.89,38289,112298631.91,2.66,0.77,0.13,0.79
2023-08-16,002837,16.9,16.56,17.06,16.48,33597,96398052.05,3.4,-2.93,-0.5,0.7
2023-08-17,002837,16.59,16.93,17.04,16.4,41447,119686995.41,3.86,2.23,0.37,0.86
2023-08-18,002837,16.82,16.25,16.98,16.22,58582,166022106.75,4.49,-4.02,-0.68,1.21
2023-08-21,002837,16.25,16.33,16.51,16.24,29236,82334731.3,1.66,0.49,0.08,0.61
2023-08-22,002837,16.42,16.59,16.82,16.12,58537,165881087.04,4.29,1.59,0.26,1.21
2023-08-23,002837,16.59,16.4,16.69,16.3,36472,103190113.44,2.35,-1.15,-0.19,0.76
2023-08-24,002837,16.47,16.02,16.73,15.74,94665,261860359.1,6.04,-2.32,-0.38,1.96
2023-08-25,002837,15.78,15.4,15.96,15.3,82737,221193569.79,4.12,-3.87,-0.62,1.72
2023-08-28,002837,16.23,15.15,16.35,15.0,93413,248630937.42,8.77,-1.62,-0.25,1.94
2023-08-29,002837,15.04,15.6,15.85,14.94,72173,192121992.32,6.01,2.97,0.45,1.5
2023-08-30,002837,15.73,16.03,16.15,15.6,60247,165666429.96,3.53,2.76,0.43,1.25
2023-08-31,002837,16.05,15.94,16.2,15.85,38263,105246480.69,2.18,-0.56,-0.09,0.79
2023-09-01,002837,16.0,15.85,16.06,15.79,23149,63163203.07,1.69,-0.56,-0.09,0.48
2023-09-04,002837,15.85,16.06,16.13,15.85,36935,101701055.71,1.77,1.32,0.21,0.77
2023-09-05,002837,16.07,16.23,16.33,15.99,43353,120597413.83,2.12,1.06,0.17,0.9
2023-09-06,002837,16.23,16.44,16.46,16.1,38265,107346814.45,2.22,1.29,0.21,0.79
2023-09-07,002837,16.36,16.21,17.24,16.18,92783,265802475.67,6.45,-1.4,-0.23,1.92
2023-09-08,002837,15.95,16.05,16.21,15.88,52630,145355542.67,2.04,-0.99,-0.16,1.09
2023-09-11,002837,16.14,15.78,16.18,15.59,70029,190058525.83,3.68,-1.68,-0.27,1.45
2023-09-12,002837,15.8,16.77,17.07,15.72,143419,406445745.49,8.56,6.27,0.99,2.97
2023-09-13,002837,16.75,16.22,16.86,16.05,91100,256400385.41,4.83,-3.28,-0.55,1.89
2023-09-14,002837,16.22,16.2,16.47,16.15,44484,124572152.85,1.97,-0.12,-0.02,0.92
2023-09-15,002837,16.25,15.6,16.25,15.41,80812,217991194.25,5.19,-3.7,-0.6,1.68
2023-09-18,002837,15.57,15.67,16.03,15.44,44259,119881043.03,3.78,0.45,0.07,0.92
2023-09-19,002837,15.61,15.22,15.7,14.73,90351,234790184.33,6.19,-2.87,-0.45,1.87
2023-09-20,002837,15.22,14.52,15.31,14.14,166074,418155673.94,7.69,-4.6,-0.7,3.44
2023-09-21,002837,14.52,14.43,14.75,14.36,65026,163059870.65,2.69,-0.62,-0.09,1.35
2023-09-22,002837,14.5,15.37,15.4,14.35,123098,318428345.1,7.28,6.51,0.94,2.55
2023-09-25,002837,15.38,15.15,15.43,14.92,56526,147199386.08,3.32,-1.43,-0.22,1.17
2023-09-26,002837,15.14,15.23,15.38,14.87,53073,138733717.76,3.37,0.53,0.08,1.1
2023-09-27,002837,15.13,15.26,15.47,15.13,37270,98158861.47,2.23,0.2,0.03,0.77
2023-09-28,002837,15.22,15.28,15.43,15.11,45575,119603760.06,2.1,0.13,0.02,0.95
2023-10-09,002837,15.41,15.64,15.8,15.41,84353,226359484.19,2.55,2.36,0.36,1.74
2023-10-10,002837,15.62,15.52,15.9,15.34,77161,205871424.44,3.58,-0.77,-0.12,1.59
2023-10-11,002837,15.47,15.47,15.62,15.19,67943,179919038.4,2.77,-0.32,-0.05,1.4
2023-10-12,002837,15.5,15.54,15.7,15.47,45622,121855665.6,1.49,0.45,0.07,0.94
2023-10-13,002837,15.51,15.58,15.79,15.37,70165,187901454.42,2.7,0.26,0.04,1.45
2023-10-16,002837,15.63,15.28,15.69,15.06,65338,171114348.56,4.04,-1.93,-0.3,1.35
2023-10-17,002837,15.29,15.17,15.32,14.99,52044,135550651.72,2.16,-0.72,-0.11,1.07
2023-10-18,002837,15.04,15.2,15.38,14.82,62116,160749546.69,3.69,0.2,0.03,1.28
2023-10-19,002837,15.0,14.91,15.37,14.85,66693,173201188.64,3.42,-1.91,-0.29,1.38
2023-10-20,002837,15.27,15.64,15.99,15.11,180894,488667110.74,5.9,4.9,0.73,3.73
2023-10-23,002837,15.64,14.46,15.64,14.33,135208,343380049.81,8.38,-7.54,-1.18,2.79
2023-10-24,002837,14.57,14.52,14.91,14.36,94997,239011224.26,3.8,0.41,0.06,1.96
2023-10-25,002837,14.52,14.58,15.07,14.52,92872,235057728.27,3.79,0.41,0.06,1.92
2023-10-26,002837,14.45,15.11,15.22,13.96,144047,367134005.66,8.64,3.64,0.53,2.97
2023-10-27,002837,15.04,15.11,15.32,14.54,109245,279400417.94,5.16,0.0,0.0,2.25
2023-10-30,002837,15.04,15.44,15.56,14.9,95767,251969167.54,4.37,2.18,0.33,1.98
2023-10-31,002837,15.4,14.88,15.51,14.76,91618,236135503.07,4.86,-3.63,-0.56,1.89
2023-11-01,002837,14.88,14.4,14.93,14.37,94645,236791376.92,3.76,-3.23,-0.48,1.95
2023-11-02,002837,14.51,14.14,14.51,14.11,56618,139007970.06,2.78,-1.81,-0.26,1.17
2023-11-03,002837,14.1,14.61,14.69,14.08,83362,208527823.41,4.31,3.32,0.47,1.72
2023-11-06,002837,14.63,15.87,15.88,14.63,215057,578368900.62,8.56,8.62,1.26,4.44
2023-11-07,002837,15.72,15.85,15.93,15.59,86944,235476067.25,2.14,-0.13,-0.02,1.79
2023-11-08,002837,15.97,15.85,16.17,15.71,78364,214244037.2,2.9,0.0,0.0,1.62
2023-11-09,002837,15.83,15.67,15.91,15.59,53339,143944334.33,2.02,-1.14,-0.18,1.1
2023-11-10,002837,15.67,15.59,15.69,15.47,48198,129083121.05,1.4,-0.51,-0.08,0.99
2023-11-13,002837,15.64,15.76,15.95,15.52,48067,130208109.63,2.76,1.09,0.17,0.99
2023-11-14,002837,15.7,15.51,15.78,15.47,62388,167279381.57,1.97,-1.59,-0.25,1.29
2023-11-15,002837,15.64,15.59,15.95,15.53,70352,189757489.35,2.71,0.52,0.08,1.45
2023-11-16,002837,15.54,15.38,15.67,15.34,60705,161227133.65,2.12,-1.35,-0.21,1.25
2023-11-17,002837,15.3,15.77,16.0,15.24,90364,243910563.0,4.94,2.54,0.39,1.86
2023-11-20,002837,15.93,15.82,15.96,15.56,66174,179007956.85,2.54,0.32,0.05,1.37
2023-11-21,002837,15.93,15.72,16.14,15.67,96549,263793907.19,2.97,-0.63,-0.1,1.99
2023-11-22,002837,15.64,15.59,15.91,15.59,63943,172994224.78,2.04,-0.83,-0.13,1.32
2023-11-23,002837,15.53,16.05,16.05,15.47,94625,257424322.42,3.72,2.95,0.46,1.95
2023-11-24,002837,16.05,15.5,16.05,15.46,84605,227370546.18,3.68,-3.43,-0.55,1.75
2023-11-27,002837,15.5,15.62,15.78,15.34,40030,106822045.37,2.84,0.77,0.12,0.83
2023-11-28,002837,15.59,15.46,15.72,15.35,42997,114529982.52,2.37,-1.02,-0.16,0.89
2023-11-29,002837,16.0,15.76,16.44,15.65,156971,432273160.45,5.11,1.94,0.3,3.24
2023-11-30,002837,15.98,15.99,16.08,15.64,92219,251575740.79,2.79,1.46,0.23,1.9
2023-12-01,002837,15.89,15.88,15.9,15.54,59888,162011568.51,2.25,-0.69,-0.11,1.24
2023-12-04,002837,15.7,15.68,15.93,15.54,57122,153936827.21,2.46,-1.26,-0.2,1.18
2023-12-05,002837,15.7,15.03,15.75,15.03,76636,200434341.59,4.59,-4.15,-0.65,1.58
2023-12-06,002837,14.89,15.29,15.36,14.83,46972,122614896.91,3.53,1.73,0.26,0.97
2023-12-07,002837,15.24,15.07,15.3,14.91,48826,126805418.09,2.55,-1.44,-0.22,1.01
2023-12-08,002837,15.05,15.21,15.41,15.01,60419,158291756.89,2.65,0.93,0.14,1.25
2023-12-11,002837,15.22,15.32,15.44,14.88,61639,160698362.95,3.68,0.72,0.11,1.27
2023-12-12,002837,15.2,15.2,15.28,15.1,36480,95201770.22,1.17,-0.78,-0.12,0.75
2023-12-13,002837,15.17,15.14,15.33,14.96,34531,89990188.72,2.43,-0.39,-0.06,0.71
2023-12-14,002837,15.14,14.94,15.32,14.83,43252,111843759.91,3.24,-1.32,-0.2,0.89
2023-12-15,002837,14.89,14.8,15.08,14.73,35609,91274947.42,2.34,-0.94,-0.14,0.73
2023-12-18,002837,14.72,14.47,14.85,14.43,43904,110133092.88,2.84,-2.23,-0.33,0.91
2023-12-19,002837,14.49,14.55,14.7,14.36,34131,85452988.86,2.35,0.55,0.08,0.7
2023-12-20,002837,14.62,14.3,14.64,14.28,42344,105333023.88,2.47,-1.72,-0.25,0.87
2023-12-21,002837,14.23,14.66,14.83,14.2,48806,121943983.16,4.41,2.52,0.36,1.01
2023-12-22,002837,14.67,14.89,15.21,14.51,71536,183526967.51,4.77,1.57,0.23,1.48
2023-12-25,002837,14.87,15.09,15.17,14.68,41076,105909044.84,3.29,1.34,0.2,0.85
2023-12-26,002837,15.05,15.11,15.21,14.83,48502,125478818.58,2.52,0.13,0.02,1.0
2023-12-27,002837,14.98,15.45,15.59,14.98,64386,170373040.4,4.04,2.25,0.34,1.33
2023-12-28,002837,15.39,15.89,16.05,15.38,91313,247727837.99,4.34,2.85,0.44,1.88
2023-12-29,002837,15.89,15.99,16.16,15.83,72443,199208613.95,2.08,0.63,0.1,1.49
2024-01-02,002837,16.01,16.06,16.33,15.85,69196,192459757.49,3.0,0.44,0.07,1.43
2024-01-03,002837,16.06,15.76,16.24,15.57,63595,173084367.25,4.17,-1.87,-0.3,1.32
2024-01-04,002837,15.78,15.51,15.78,15.38,40812,108731325.16,2.54,-1.59,-0.25,0.84
2024-01-05,002837,15.51,15.0,15.54,14.9,48380,126200867.08,4.13,-3.29,-0.51,1.0
2024-01-08,002837,15.0,14.59,15.02,14.54,38200,96712073.79,3.2,-2.73,-0.41,0.79
2024-01-09,002837,14.62,14.91,15.39,14.62,70962,182737151.36,5.28,2.19,0.32,1.47
2024-01-10,002837,14.84,14.89,15.34,14.64,48516,125184501.08,4.69,-0.13,-0.02,1.0
2024-01-11,002837,14.89,15.1,15.15,14.72,48675,125337915.28,2.89,1.41,0.21,1.01
2024-01-12,002837,15.09,15.02,15.29,14.86,37846,98241766.07,2.85,-0.53,-0.08,0.78
2024-01-15,002837,14.92,14.59,14.92,14.54,56124,141998587.48,2.53,-2.86,-0.43,1.16
2024-01-16,002837,14.67,14.85,15.09,14.55,43946,112174922.07,3.7,1.78,0.26,0.91
2024-01-17,002837,14.83,14.37,14.89,14.34,45496,113668539.66,3.7,-3.23,-0.48,0.94
2024-01-18,002837,14.37,14.46,14.47,13.99,48635,119493935.17,3.34,0.63,0.09,1.01
2024-01-19,002837,14.43,14.6,14.81,14.32,48743,122889325.24,3.39,0.97,0.14,1.01
2024-01-22,002837,14.46,14.33,14.67,14.2,51644,128210748.66,3.22,-1.85,-0.27,1.07
2024-01-23,002837,14.23,14.47,14.63,14.12,46845,116504501.97,3.56,0.98,0.14,0.97
2024-01-24,002837,14.48,14.52,14.64,14.17,44423,110131547.3,3.25,0.35,0.05,0.92
2024-01-25,002837,14.4,14.7,14.73,14.27,56658,142008404.99,3.17,1.24,0.18,1.17
2024-01-26,002837,14.62,14.34,14.66,14.17,43710,108294136.63,3.33,-2.45,-0.36,0.9
2024-01-29,002837,14.27,12.88,14.31,12.88,101774,235155070.57,9.97,-10.18,-1.46,2.11
2024-01-30,002837,12.69,11.82,12.75,11.65,176122,367694561.43,8.54,-8.23,-1.06,3.64
2024-01-31,002837,11.75,11.09,11.82,11.07,139421,275869223.28,6.35,-6.18,-0.73,2.88
2024-02-01,002837,11.09,10.73,11.2,10.62,169660,318227144.87,5.23,-3.25,-0.36,3.51
2024-02-02,002837,10.91,10.98,11.53,10.64,175239,338960991.64,8.29,2.33,0.25,3.62
2024-02-05,002837,10.97,10.36,10.98,9.85,151859,272111133.77,10.29,-5.65,-0.62,3.14
2024-02-06,002837,10.17,11.04,11.21,9.86,160154,295171686.62,13.03,6.56,0.68,3.31
2024-02-07,002837,11.08,11.47,11.6,11.03,132024,260433437.82,5.16,3.89,0.43,2.73
2024-02-08,002837,11.6,12.64,12.64,11.59,89795,192181220.95,9.15,10.2,1.17,1.86
2024-02-19,002837,13.34,13.1,13.71,12.87,153120,349702664.58,6.65,3.64,0.46,3.17
2024-02-20,002837,13.09,13.46,13.57,12.69,110594,250757171.28,6.72,2.75,0.36,2.29
2024-02-21,002837,13.13,13.24,13.7,13.1,89607,207157369.14,4.46,-1.63,-0.22,1.85
2024-02-22,002837,13.91,14.08,14.22,13.79,132654,319957500.86,3.25,6.34,0.84,2.74
2024-02-23,002837,13.96,14.3,14.36,13.93,114324,279183706.64,3.05,1.56,0.22,2.36
2024-02-26,002837,14.25,14.7,15.02,14.15,107582,271461828.74,6.08,2.8,0.4,2.23
2024-02-27,002837,14.49,15.81,15.88,14.39,174812,457106815.75,10.14,7.55,1.11,3.62
2024-02-28,002837,15.64,14.4,15.88,14.39,172415,449059279.94,9.42,-8.92,-1.41,3.57
2024-02-29,002837,14.23,15.03,15.05,14.17,138045,350469364.48,6.11,4.38,0.63,2.86
2024-03-01,002837,14.84,15.71,15.99,14.84,188371,503706487.71,7.65,4.52,0.68,3.9
2024-03-04,002837,17.31,17.31,17.31,16.87,303476,898826990.24,2.8,10.18,1.6,6.28
2024-03-05,002837,17.07,17.66,18.61,16.82,415444,1283165886.18,10.34,2.02,0.35,8.59
2024-03-06,002837,17.15,17.46,17.83,17.05,204544,609924253.32,4.42,-1.13,-0.2,4.23
2024-03-07,002837,17.65,17.33,18.06,17.23,174863,528558863.95,4.75,-0.74,-0.13,3.62
2024-03-08,002837,17.47,18.46,18.66,17.24,273071,845504594.37,8.19,6.52,1.13,5.65
2024-03-11,002837,17.94,19.34,19.69,17.63,256838,809081663.49,11.16,4.77,0.88,5.31
2024-03-12,002837,19.91,18.99,20.23,18.62,275499,913303843.97,8.32,-1.81,-0.35,5.7
2024-03-13,002837,19.12,19.19,19.88,18.86,219504,729729171.0,5.37,1.05,0.2,4.54
2024-03-14,002837,18.39,18.99,19.47,18.19,188520,608423849.71,6.67,-1.04,-0.2,3.9
2024-03-15,002837,18.83,19.76,19.84,18.49,184102,609903015.96,7.11,4.05,0.77,3.81
2024-03-18,002837,19.82,20.67,20.85,19.46,240160,827029313.0,7.03,4.61,0.91,4.97
2024-03-19,002837,20.08,19.38,20.26,19.17,274909,920680968.81,5.27,-6.24,-1.29,5.69
2024-03-20,002837,19.2,19.34,19.55,18.86,171151,563455742.89,3.56,-0.21,-0.04,3.54
2024-03-21,002837,19.15,18.78,19.33,18.74,181298,590112580.31,3.05,-2.9,-0.56,3.75
2024-03-22,002837,18.75,18.94,19.24,18.66,148499,482644020.16,3.09,0.85,0.16,3.07
2024-03-25,002837,18.91,18.25,19.12,18.23,135022,431637488.28,4.7,-3.64,-0.69,2.79
2024-03-26,002837,18.17,18.21,18.57,18.07,102262,321138365.78,2.74,-0.22,-0.04,2.12
2024-03-27,002837,18.07,17.32,18.15,17.3,134018,405614972.19,4.67,-4.89,-0.89,2.77
2024-03-28,002837,17.36,17.76,18.21,17.36,135824,414555841.61,4.91,2.54,0.44,2.81
2024-03-29,002837,17.7,17.49,17.75,17.33,101601,304898809.6,2.36,-1.52,-0.27,2.1
2024-04-01,002837,17.5,18.11,18.13,17.5,103772,318924428.28,3.6,3.54,0.62,2.14
2024-04-02,002837,18.02,17.95,18.37,17.81,112443,348615989.7,3.09,-0.88,-0.16,2.32
2024-04-03,002837,17.65,17.19,17.78,16.99,156540,463442098.83,4.4,-4.23,-0.76,3.24
2024-04-08,002837,17.09,17.09,17.41,16.9,85478,252150684.42,2.97,-0.58,-0.1,1.77
2024-04-09,002837,17.08,17.18,17.3,16.85,69865,204843211.07,2.63,0.53,0.09,1.44
2024-04-10,002837,17.17,16.88,17.18,16.6,86203,248738140.82,3.38,-1.75,-0.3,1.78
2024-04-11,002837,16.88,16.68,17.06,16.59,70855,204541565.63,2.78,-1.18,-0.2,1.46
2024-04-12,002837,16.71,16.89,17.15,16.71,107333,311742617.85,2.64,1.26,0.21,2.22
2024-04-15,002837,16.77,16.95,17.28,16.65,110472,321884751.16,3.73,0.36,0.06,2.28
2024-04-16,002837,16.63,16.11,16.7,16.05,170551,478835635.59,3.83,-4.96,-0.84,3.53
2024-04-17,002837,16.3,17.21,17.26,16.3,172318,500027641.98,5.96,6.83,1.1,3.56
2024-04-18,002837,17.15,17.72,17.96,16.78,173468,521097319.09,6.86,2.96,0.51,3.59
2024-04-19,002837,17.72,17.79,18.07,17.41,128055,388760234.93,3.72,0.4,0.07,2.65
2024-04-22,002837,16.89,17.57,17.69,16.53,147520,434735493.91,6.52,-1.24,-0.22,3.05
2024-04-23,002837,18.0,18.35,18.65,17.89,204594,643624967.65,4.33,4.44,0.78,4.23
2024-04-24,002837,18.59,18.56,18.66,18.08,132632,418815661.38,3.16,1.14,0.21,2.74
2024-04-25,002837,18.58,18.92,19.2,18.54,153689,499620643.95,3.56,1.94,0.36,3.18
2024-04-26,002837,19.19,19.73,20.05,19.07,172035,577864678.46,5.18,4.28,0.81,3.56
2024-04-29,002837,19.72,19.66,20.07,19.52,144688,489275850.95,2.79,-0.35,-0.07,2.99
2024-04-30,002837,19.47,19.52,19.83,19.27,87213,293110417.56,2.85,-0.71,-0.14,1.8
2024-05-06,002837,19.87,19.34,20.22,19.31,110813,371979596.08,4.66,-0.92,-0.18,2.29
2024-05-07,002837,19.4,19.01,19.77,18.89,116070,382957962.27,4.55,-1.71,-0.33,2.4
2024-05-08,002837,18.88,18.66,18.98,18.59,74994,240876985.12,2.05,-1.84,-0.35,1.55
2024-05-09,002837,18.6,18.85,19.02,18.49,71053,228279619.88,2.84,1.02,0.19,1.47
2024-05-10,002837,18.68,18.41,18.78,18.36,73025,231631295.98,2.23,-2.33,-0.44,1.51
2024-05-13,002837,18.38,18.77,18.89,18.13,80718,257653444.58,4.13,1.96,0.36,1.67
2024-05-14,002837,18.81,18.25,19.01,17.96,112852,355637226.9,5.59,-2.77,-0.52,2.33
2024-05-15,002837,18.36,18.18,18.57,18.09,49837,156540563.55,2.63,-0.38,-0.07,1.03
2024-05-16,002837,18.37,18.44,18.72,18.22,97833,310793558.99,2.75,1.43,0.26,2.02
2024-05-17,002837,18.37,18.8,18.91,18.18,96130,307387010.83,3.96,1.95,0.36,1.95
2024-05-20,002837,18.88,18.96,19.02,18.28,92499,296900975.61,3.94,0.85,0.16,1.87
2024-05-21,002837,18.96,18.66,19.17,18.4,83819,269113670.91,4.06,-1.58,-0.3,1.7
2024-05-22,002837,18.66,19.05,19.42,18.6,110523,361341158.21,4.39,2.09,0.39,2.24
2024-05-23,002837,19.25,18.43,19.37,18.38,100253,319830227.42,5.2,-3.25,-0.62,2.03
2024-05-24,002837,18.38,18.33,18.91,18.09,94951,299605426.15,4.45,-0.54,-0.1,1.92
2024-05-27,002837,18.29,18.95,19.0,18.19,128491,314683608.4,4.42,3.38,0.62,2.0
2024-05-28,002837,18.69,18.45,18.85,18.35,92913,226114050.46,2.64,-2.64,-0.5,1.45
2024-05-29,002837,18.56,18.61,18.88,18.48,77824,190343448.61,2.17,0.87,0.16,1.21
2024-05-30,002837,18.51,18.41,18.65,18.32,49790,120662327.41,1.77,-1.07,-0.2,0.78
2024-05-31,002837,18.42,18.02,18.59,17.74,119228,283628978.78,4.62,-2.12,-0.39,1.86
2024-06-03,002837,17.92,18.32,18.73,17.92,98587,237328480.9,4.5,1.66,0.3,1.53
2024-06-04,002837,18.3,18.66,18.69,18.22,79530,192566554.6,2.57,1.86,0.34,1.24
2024-06-05,002837,18.65,18.15,18.67,18.15,74358,179255600.32,2.79,-2.73,-0.51,1.16
2024-06-06,002837,18.12,18.0,18.49,17.82,70605,167911029.44,3.69,-0.83,-0.15,1.1
2024-06-07,002837,17.98,17.52,18.14,17.39,124547,287444308.64,4.17,-2.67,-0.48,1.94
2024-06-11,002837,17.46,17.82,17.89,17.26,76911,177927015.46,3.6,1.71,0.3,1.2
2024-06-12,002837,17.77,17.58,18.02,17.47,73711,170860091.29,3.09,-1.35,-0.24,1.15
2024-06-13,002837,17.58,18.08,18.41,17.47,116841,277090007.87,5.35,2.84,0.5,1.82
2024-06-14,002837,18.13,18.42,18.54,17.77,109220,262367543.65,4.26,1.88,0.34,1.7
2024-06-17,002837,18.85,18.36,18.96,18.33,108694,264211790.73,3.42,-0.33,-0.06,1.69
2024-06-18,002837,18.35,17.9,18.56,17.67,167378,394839501.9,4.85,-2.51,-0.46,2.61
2024-06-19,002837,17.99,18.09,18.65,17.88,188970,452048260.61,4.3,1.06,0.19,2.94
2024-06-20,002837,17.85,17.05,17.95,16.83,231078,524203146.66,6.19,-5.75,-1.04,3.6
2024-06-21,002837,16.85,16.92,17.13,16.65,95288,211392815.5,2.82,-0.76,-0.13,1.48
2024-06-24,002837,16.94,16.38,17.09,16.31,120018,261743365.38,4.61,-3.19,-0.54,1.87
2024-06-25,002837,16.29,15.82,16.42,15.62,126917,265503591.86,4.88,-3.42,-0.56,1.98
2024-06-26,002837,15.84,16.37,16.45,15.71,98100,207340653.99,4.68,3.48,0.55,1.53
2024-06-27,002837,16.37,16.25,16.45,16.18,90564,193799721.15,1.65,-0.73,-0.12,1.41
2024-06-28,002837,16.34,16.3,16.56,16.11,101372,217981461.36,2.77,0.31,0.05,1.58
2024-07-01,002837,16.22,16.31,16.46,16.0,88970,189489480.07,2.82,0.06,0.01,1.39
2024-07-02,002837,16.34,15.71,16.38,15.56,140926,291934680.01,5.03,-3.68,-0.6,2.19
2024-07-03,002837,15.72,15.45,15.75,15.43,72967,148627994.88,2.04,-1.65,-0.26,1.14
2024-07-04,002837,15.45,15.3,15.7,15.28,74097,149868001.47,2.72,-0.97,-0.15,1.15
2024-07-05,002837,15.3,15.42,15.45,15.02,67460,135087706.1,2.81,0.78,0.12,1.05
2024-07-08,002837,15.35,15.35,15.57,15.23,71672,144595235.09,2.2,-0.45,-0.07,1.12
2024-07-09,002837,15.31,16.56,16.75,15.19,182427,384993000.02,10.16,7.88,1.21,2.84
2024-07-10,002837,16.48,16.64,16.85,16.47,100936,221286669.29,2.29,0.48,0.08,1.57
2024-07-11,002837,16.76,17.01,17.25,16.69,131754,293918145.86,3.37,2.22,0.37,2.05
2024-07-12,002837,17.49,18.72,18.72,17.42,353110,844654040.01,7.64,10.05,1.71,5.5
2024-07-15,002837,18.53,18.43,18.64,18.25,223530,540527293.85,2.08,-1.55,-0.29,3.48
2024-07-16,002837,18.32,18.58,18.61,18.05,175812,423476847.84,3.04,0.81,0.15,2.74
2024-07-17,002837,18.76,18.31,18.98,18.28,127085,308399464.2,3.77,-1.45,-0.27,1.98
2024-07-18,002837,17.85,17.88,18.15,17.48,169753,395449654.75,3.66,-2.35,-0.43,2.64
2024-07-19,002837,17.77,17.88,18.1,17.72,87004,204369574.78,2.13,0.0,0.0,1.35
2024-07-22,002837,17.85,17.8,18.02,17.64,95030,222037760.15,2.13,-0.45,-0.08,1.48
2024-07-23,002837,17.9,17.0,17.91,16.96,145924,332326582.21,5.34,-4.49,-0.8,2.27
2024-07-24,002837,17.16,17.42,17.96,17.15,206810,477378315.35,4.76,2.47,0.42,3.22
2024-07-25,002837,16.99,17.09,17.38,16.92,144727,324705697.4,2.64,-1.89,-0.33,2.25
2024-07-26,002837,17.15,17.32,17.59,16.92,117746,265903670.49,3.92,1.35,0.23,1.83
2024-07-29,002837,17.32,17.06,17.38,16.97,87340,195779820.45,2.37,-1.5,-0.26,1.36
2024-07-30,002837,16.85,16.68,17.0,16.42,110208,241468005.84,3.4,-2.23,-0.38,1.72
2024-07-31,002837,16.67,17.83,18.05,16.48,191492,438760947.95,9.41,6.89,1.15,2.98
2024-08-01,002837,18.27,18.26,18.95,18.16,251504,610565884.68,4.43,2.41,0.43,3.92
2024-08-02,002837,18.05,17.72,18.3,17.62,132316,310856851.92,3.72,-2.96,-0.54,2.06
2024-08-05,002837,17.55,16.1,17.63,16.08,246976,541291091.17,8.75,-9.14,-1.62,3.84
2024-08-06,002837,16.5,16.35,16.84,16.22,111212,239881971.78,3.85,1.55,0.25,1.73
2024-08-07,002837,16.37,16.37,16.6,16.15,82079,176762271.02,2.75,0.12,0.02,1.28
2024-08-08,002837,16.18,15.98,16.36,15.79,108605,228725036.74,3.48,-2.38,-0.39,1.69
2024-08-09,002837,16.19,16.25,16.6,16.17,86338,185163707.69,2.69,1.69,0.27,1.34
2024-08-12,002837,16.45,16.55,16.85,16.24,137881,300261175.3,3.75,1.85,0.3,2.15
2024-08-13,002837,16.75,16.48,16.83,16.05,148351,318828662.93,4.71,-0.42,-0.07,2.31
2024-08-14,002837,16.58,16.12,16.61,16.02,109994,233671549.7,3.58,-2.18,-0.36,1.71
2024-08-15,002837,16.01,16.33,16.54,15.98,119269,255052009.76,3.47,1.3,0.21,1.86
2024-08-16,002837,16.51,16.31,16.82,16.25,112543,243508453.07,3.49,-0.12,-0.02,1.75
2024-08-19,002837,16.14,15.96,16.3,15.91,100777,212361890.05,2.39,-2.15,-0.35,1.57
2024-08-20,002837,15.92,15.62,16.0,15.52,85200,175057389.55,3.01,-2.13,-0.34,1.33
2024-08-21,002837,15.54,15.85,16.12,15.46,95676,199162313.41,4.23,1.47,0.23,1.49
2024-08-22,002837,15.84,15.87,16.05,15.73,71616,149172554.04,2.02,0.13,0.02,1.11
2024-08-23,002837,15.74,15.98,16.05,15.65,66330,138201669.77,2.52,0.69,0.11,1.03
2024-08-26,002837,15.98,15.96,16.2,15.82,76325,160062467.47,2.38,-0.13,-0.02,1.19
2024-08-27,002837,15.85,15.72,15.92,15.68,66579,137903959.28,1.5,-1.5,-0.24,1.04
2024-08-28,002837,15.63,15.83,15.94,15.62,53390,110691629.44,2.04,0.7,0.11,0.83
2024-08-29,002837,15.7,16.04,16.12,15.38,100702,209431440.43,4.67,1.33,0.21,1.57
2024-08-30,002837,16.06,16.58,17.08,16.0,149992,327546446.98,6.73,3.37,0.54,2.33
2024-09-02,002837,16.62,16.63,17.0,16.48,157638,347057016.2,3.14,0.3,0.05,2.45
2024-09-03,002837,16.54,16.85,17.15,16.47,132344,293096283.49,4.09,1.32,0.22,2.06
2024-09-04,002837,16.62,16.0,16.64,15.78,164738,346984427.87,5.1,-5.04,-0.85,2.56
2024-09-05,002837,15.85,15.91,16.22,15.82,102381,214490355.84,2.5,-0.56,-0.09,1.59
2024-09-06,002837,15.91,15.42,15.97,15.39,96845,198173303.6,3.65,-3.08,-0.49,1.51
2024-09-09,002837,15.15,14.85,15.35,14.66,132525,258678733.09,4.47,-3.7,-0.57,2.06
2024-09-10,002837,14.92,15.29,15.42,14.7,97727,193440101.96,4.85,2.96,0.44,1.52
2024-09-11,002837,15.27,15.56,15.62,15.09,74798,151494348.84,3.47,1.77,0.27,1.16
2024-09-12,002837,15.71,15.38,15.98,15.32,74030,152212086.67,4.24,-1.16,-0.18,1.15
2024-09-13,002837,15.33,15.35,15.58,15.24,53612,108597874.36,2.21,-0.2,-0.03,0.83
2024-09-18,002837,15.38,16.05,16.08,15.32,129216,268612571.46,4.95,4.56,0.7,2.01
2024-09-19,002837,16.12,16.12,16.58,15.96,120760,257646292.66,3.86,0.44,0.07,1.88
2024-09-20,002837,16.27,15.95,16.28,15.85,59363,124609613.59,2.67,-1.05,-0.17,0.92
2024-09-23,002837,15.95,15.85,16.22,15.75,63220,132302494.46,2.95,-0.63,-0.1,0.98
2024-09-24,002837,15.86,16.72,16.74,15.82,137360,295089922.31,5.8,5.49,0.87,2.14
2024-09-25,002837,16.79,16.55,17.25,16.54,142812,316317113.19,4.25,-1.02,-0.17,2.22
2024-09-26,002837,16.63,17.12,17.12,16.48,114182,252024202.8,3.87,3.44,0.57,1.78
2024-09-27,002837,17.28,18.2,18.69,17.28,165314,386844376.64,8.24,6.31,1.08,2.57
2024-09-30,002837,19.0,19.86,20.0,18.69,268015,683964345.01,7.2,9.12,1.66,4.15
2024-10-08,002837,21.86,21.85,21.86,20.54,318145,892379469.69,6.65,10.02,1.99,4.93
2024-10-09,002837,20.83,20.06,21.63,20.06,256971,704333966.56,7.19,-8.19,-1.79,3.98
2024-10-10,002837,20.48,20.05,21.23,20.05,201313,544129684.77,5.88,-0.05,-0.01,3.12
2024-10-11,002837,20.06,19.62,20.32,19.18,165092,426678316.54,5.69,-2.14,-0.43,2.56
2024-10-14,002837,19.65,20.45,20.5,19.38,155644,408517565.52,5.71,4.23,0.83,2.41
2024-10-15,002837,20.52,20.18,20.99,20.0,153413,411563031.97,4.84,-1.32,-0.27,2.38
2024-10-16,002837,19.69,19.94,20.25,19.69,89464,233697000.76,2.78,-1.19,-0.24,1.39
2024-10-17,002837,20.14,20.31,20.76,19.85,167204,445539810.66,4.56,1.86,0.37,2.59
2024-10-18,002837,22.35,22.35,22.35,22.35,105276,308036785.98,0.0,10.04,2.04,1.63
2024-10-21,002837,24.61,24.61,24.61,24.2,285447,918661757.54,1.83,10.11,2.26,4.42
2024-10-22,002837,25.05,24.06,25.38,23.13,807377,2569958913.02,9.14,-2.23,-0.55,12.51
2024-10-23,002837,23.75,23.99,25.04,23.68,432551,1374821803.39,5.65,-0.29,-0.07,6.7
2024-10-24,002837,23.72,24.15,24.43,22.83,332092,1028654636.5,6.67,0.67,0.16,5.15
2024-10-25,002837,24.59,24.23,25.15,23.62,439916,1404104936.92,6.34,0.33,0.08,6.82
2024-10-28,002837,24.2,24.23,24.85,23.74,276021,873281867.78,4.58,0.0,0.0,4.28
2024-10-29,002837,24.13,24.88,26.3,23.64,446899,1456790165.65,10.98,2.68,0.65,6.92
2024-10-30,002837,24.53,25.31,25.58,24.5,345245,1132669536.3,4.34,1.73,0.43,5.35
2024-10-31,002837,25.32,24.78,25.56,24.64,349978,1145341296.61,3.63,-2.09,-0.53,5.42
2024-11-01,002837,24.28,23.85,24.61,23.38,322679,1008918534.66,4.96,-3.75,-0.93,5.0
2024-11-04,002837,24.0,24.62,25.02,23.96,248304,798840778.77,4.44,3.23,0.77,3.85
2024-11-05,002837,24.92,25.91,26.8,24.85,480071,1620773332.82,7.92,5.24,1.29,7.44
2024-11-06,002837,26.17,25.15,26.7,24.82,382892,1289843979.95,7.26,-2.93,-0.76,5.93
2024-11-07,002837,24.69,25.21,25.44,24.69,221585,727328894.32,2.98,0.24,0.06,3.43
2024-11-08,002837,25.75,27.14,27.52,25.49,405276,1418402774.24,8.05,7.66,1.93,6.28
2024-11-11,002837,26.76,28.78,28.9,26.52,399734,1463778959.31,8.77,6.04,1.64,6.19
2024-11-12,002837,28.31,27.87,29.27,27.48,327619,1206092759.27,6.22,-3.16,-0.91,5.08
2024-11-13,002837,27.75,28.11,28.31,27.38,254632,926904845.39,3.34,0.86,0.24,3.95
2024-11-14,002837,28.31,26.76,28.54,26.62,250484,899364902.83,6.83,-4.8,-1.35,3.88
2024-11-15,002837,26.72,25.35,27.25,25.24,254566,868572722.35,7.51,-5.27,-1.41,3.94
2024-11-18,002837,25.82,24.99,26.76,24.55,292623,974559787.86,8.72,-1.42,-0.36,4.53
2024-11-19,002837,24.85,25.63,25.73,24.63,193417,637996266.08,4.4,2.56,0.64,3.0
2024-11-20,002837,27.46,27.72,28.21,27.12,539662,1962131613.28,4.25,8.15,2.09,8.35
2024-11-21,002837,26.77,27.62,27.72,26.21,353623,1253254545.86,5.45,-0.36,-0.1,5.47
2024-11-22,002837,28.18,28.42,29.78,27.63,415907,1569314424.07,7.78,2.9,0.8,6.43
2024-11-25,002837,28.38,26.72,28.88,26.07,352279,1248387526.05,9.89,-5.98,-1.7,5.45
2024-11-26,002837,26.22,26.37,26.75,25.92,166998,575849095.17,3.11,-1.31,-0.35,2.58
2024-11-27,002837,26.18,28.77,28.98,25.7,339751,1223220036.97,12.44,9.1,2.4,5.25
2024-11-28,002837,28.46,28.08,28.92,28.0,195062,723359023.77,3.2,-2.4,-0.69,3.02
2024-11-29,002837,27.98,28.56,29.15,27.96,204765,764476717.3,4.24,1.71,0.48,3.17
2024-12-02,002837,28.33,27.97,28.71,27.76,237345,874598883.34,3.33,-2.07,-0.59,3.67
2024-12-03,002837,27.88,27.46,28.15,27.15,191127,687014433.09,3.58,-1.82,-0.51,2.96
2024-12-04,002837,27.78,27.66,28.29,27.23,173411,628374523.77,3.86,0.73,0.2,2.68
2024-12-05,002837,27.39,27.57,27.81,26.9,184324,659710307.98,3.29,-0.33,-0.09,2.85
2024-12-06,002837,27.38,27.39,27.61,26.69,184727,655748361.84,3.34,-0.65,-0.18,2.86
2024-12-09,002837,27.15,26.52,27.42,26.35,193185,675185394.41,3.91,-3.18,-0.87,2.99
2024-12-10,002837,27.0,25.62,27.11,25.36,445298,1512518339.0,6.6,-3.39,-0.9,6.89
2024-12-11,002837,25.23,25.72,25.94,25.06,181454,606715088.73,3.43,0.39,0.1,2.81
2024-12-12,002837,25.65,26.49,26.69,25.46,262544,904975155.32,4.78,2.99,0.77,4.06
2024-12-13,002837,26.08,25.87,26.68,25.75,151975,517066191.86,3.51,-2.34,-0.62,2.35
2024-12-16,002837,25.85,25.76,26.9,25.68,146108,498500929.52,4.72,-0.43,-0.11,2.26
2024-12-17,002837,25.62,25.28,26.46,25.22,184576,621192359.54,4.81,-1.86,-0.48,2.85
2024-12-18,002837,25.2,25.25,25.57,24.91,166880,549385131.41,2.61,-0.12,-0.03,2.58
2024-12-19,002837,24.87,27.44,27.78,24.85,575042,2029196524.53,11.6,8.67,2.19,8.89
2024-12-20,002837,26.85,28.24,28.98,26.27,514486,1875636306.08,9.88,2.92,0.8,7.96
2024-12-23,002837,28.7,27.85,29.57,27.75,353490,1318668094.69,6.44,-1.38,-0.39,5.47
2024-12-24,002837,27.79,28.28,28.56,27.52,280373,1028677097.61,3.73,1.54,0.43,4.34
2024-12-25,002837,28.56,28.62,29.73,28.16,336284,1274695848.4,5.55,1.2,0.34,5.2
2024-12-26,002837,28.27,31.49,31.49,28.23,500422,1991618980.59,11.39,10.03,2.87,7.74
2024-12-27,002837,31.48,30.98,32.23,30.75,515149,2117040141.35,4.7,-1.62,-0.51,7.97
2024-12-30,002837,31.31,31.19,32.08,30.81,380669,1567023250.4,4.1,0.68,0.21,5.89
2024-12-31,002837,31.7,30.92,32.42,30.75,439238,1808267960.57,5.35,-0.87,-0.27,6.79
